ID,original_shape_VoxelVolume,original_shape_Sphericity,original_shape_SurfaceArea,original_firstorder_Skewness,original_firstorder_Minimum,original_firstorder_Mean,original_firstorder_Maximum,original_firstorder_Kurtosis,original_glcm_Correlation,original_glcm_Contrast,original_glcm_JointEnergy,original_glcm_JointEntropy,original_glcm_DifferenceAverage,original_glcm_Idmn,original_ngtdm_Coarseness,original_ngtdm_Contrast,original_ngtdm_Busyness,original_glrlm_ShortRunEmphasis,original_glrlm_LongRunEmphasis,original_glrlm_LowGrayLevelRunEmphasis,original_glrlm_HighGrayLevelRunEmphasis,original_glrlm_ShortRunLowGrayLevelEmphasis,original_glrlm_ShortRunHighGrayLevelEmphasis,original_glrlm_LongRunLowGrayLevelEmphasis,original_glrlm_LongRunHighGrayLevelEmphasis,original_gldm_GrayLevelNonUniformity,original_glrlm_RunLengthNonUniformity,original_glrlm_RunPercentage
001,816.6693449020386,0.6113410384120037,683.154421825549,-0.9925994283741588,212.0,884.8855776306108,1178.0,2.9688040334792274,0.6184242820276543,34.01831189409586,0.01231103967621718,7.877516053678577,4.006693418048645,0.980569837495798,0.00305890955842765,0.23403898858385236,0.2300713017957239,0.9192611895855418,1.4857523436503006,0.002879171940151533,806.3161454170654,0.002787442197426276,719.1508898229193,0.003397528144891321,1338.8519669467098,172.39955849889625,1947.8621140410128,0.8822946736854019
002,1058.4289341702313,0.6697542132883867,743.0145220215828,-1.5061791908568498,197.0,923.3007626310773,1168.0,4.583928197818182,0.37773652459586615,39.04359996571918,0.01466237337646281,7.309710499802482,4.087472789217108,0.9785267711483948,0.002667281880027623,0.20377983516183185,0.21896300326427007,0.9248920468871596,1.405968615800907,0.002326088178229589,950.5474321391921,0.0022558710029048864,864.3499108698422,0.002696183587600883,1420.7924616276966,177.42040038131557,1545.0550605726212,0.8948082422820268
003,727.294921875,0.657886494938876,588.9834313082966,-1.4737305347364444,209.0,981.034743202417,1314.0,4.758522848530903,0.21336518315986894,54.00476657490866,0.010622104037207564,7.6246598338143095,4.7919860140599075,0.9766911322219723,0.004555097258627494,0.21981941545800676,0.11779948124056724,0.9329971910814104,1.3452625669026852,0.0022752239980063506,1041.079279397682,0.002216645867144842,960.6445184168359,0.002574126164367545,1456.6930591100345,97.28851963746223,1009.5306197281025,0.9073320938879852
004,663.0741882324219,0.5200608221085434,698.5395226079668,-1.3983421755532122,0.0,949.3206205559147,1390.0,4.179931414290421,0.3922712403003902,86.67137011754927,0.006067924264360715,8.392327190427624,6.128299205546251,0.9758923121010477,0.004514049078453368,0.3621182038758323,0.0801800554235653,0.9475936495059292,1.245414841491075,0.001989188191393564,1564.6575748306884,0.0019542729423954555,1468.2677067798065,0.002147914754786713,2017.8923332280915,79.5934065934066,1253.5682959023422,0.9294415991248572
005,4448.2722878456125,0.6366644789899022,2050.5677544098226,-2.5198943292841003,241.0,998.1085714285713,1415.0,10.191593958181269,0.4389221593925067,13.228488057228383,0.03637875659543453,6.004982489868883,2.1639848842842757,0.9945714323780472,0.00042150333771435853,0.03502375743332407,1.0453937719953443,0.8541816027997722,1.967041804852448,0.0013035817190018982,987.1970099951164,0.0011661138062229676,829.0548192871114,0.002205926258568982,2039.2502411633027,2501.5711879699247,9130.902073863446,0.7986211683053788
006,4181.261747727236,0.5484699492803264,2277.317491629318,-0.976201514512094,180.0,851.8336421952957,1112.0,2.9751803871445577,0.7796150993619796,23.560821191045733,0.01999528783616303,7.692076270059628,3.094256048278439,0.9850858278214149,0.001539018271986079,0.19747231105026494,0.468029363544177,0.8770992946270808,2.0026757767431262,0.003798895110555357,765.6413220154973,0.003618214464726776,637.1708840430656,0.004983532471497757,1882.7017208120224,481.74982181040633,4150.192501940665,0.8094193760622842
008,6123.09375,0.6805991720823986,2369.97257826871,0.4698747279778476,54.0,571.217720821276,1409.0,2.096167302961702,0.8345265360370266,34.297482899980565,0.0020187796794428037,9.397601596528435,4.408236559483292,0.9891370440100732,0.002032329723804105,0.18743393555745275,0.5119954078091871,0.9430956285078391,1.2684361433312157,0.006200902036129853,552.4261044359562,0.005965027470787329,514.6936477597005,0.00726738475898218,740.6346105189647,222.39148408433238,5781.232471650915,0.92376591301767
010,44737.700903477366,0.5081558471446763,11982.771341665375,-3.501654298105761,17.0,1028.6078459021942,1218.0,18.224214206488256,0.6421189128237089,7.9545064588574705,0.05592017647340645,5.3427547706128165,1.6098377278597855,0.996865845347602,6.784063433711002e-05,0.016118246271183037,4.173792249353765,0.8171070868455159,2.388776981187474,0.0006557682003370537,1724.661416936467,0.0005543529287298689,1390.9553788976361,0.0014189651838247346,4269.243454360443,21126.381108165533,49646.42212417331,0.7470217563285418
011,6094.377337868596,0.5438671425353261,2958.3678330832786,-1.6563491058345563,174.0,982.3362394226897,1255.0,4.857556165873684,0.7566486509775022,22.112221807959028,0.020331688382777144,7.236258561975932,2.9880277992858235,0.9898305508095108,0.0003191012542892109,0.12571176614106255,1.3473599206128088,0.8914233784919227,1.6472254462119105,0.0017262478250783626,1169.5945202818227,0.001628604889624141,1017.4994311192853,0.0022752449961154155,2089.103621733577,2647.293930180593,17487.72251290664,0.8482953728933437
012,68862.8368473053,0.4531526337953972,17922.58044995513,1.0947475527467363,0.0,450.24826389659256,1238.0,3.6377393520730585,0.8181439596249382,29.420821626559096,0.0034535575220007745,9.036157291371598,3.6989402990064817,0.989074662980224,6.0612400584493224e-05,0.1441183651758546,20.785821222959065,0.917376990926132,1.4186608138542076,0.006863604055468576,431.20175315521834,0.006181615101856191,400.5216674583225,0.010469417055106376,585.2871131848337,9064.400597263946,161733.47014723206,0.8892897651733477
013,1387.9056644439695,0.6748767929534445,887.6267518572623,-2.0603160091419985,169.0,992.631504922644,1226.0,7.608034571725013,0.5485667038745021,20.23251791954736,0.017558272211365262,6.983298837399495,2.8888139869370937,0.990260806482386,0.0015951668948055644,0.0869904777526287,0.28405653447748713,0.8969849207976188,1.5868014960127133,0.0015044310855884767,1183.307782728427,0.0014232639241103747,1044.737858788288,0.0019584832921457165,1975.354728851985,481.87201125175807,3272.4236946456413,0.8582093012472759
014,2865.78369140625,0.5613924206602692,1731.0210839158042,0.9206180753638744,67.0,450.6843013225992,1123.0,3.020074122835028,0.7334061684689247,40.20059854443846,0.002978605167665548,9.1582606312149,4.6756492978879365,0.9800022483494992,0.002070408919633366,0.21549410828553286,1.0148388451712025,0.9453807385039216,1.258854208311187,0.00877229520505078,351.88955034781446,0.008351221957530753,334.80359322299887,0.010776158633311292,430.3619892229915,216.9555299980832,4194.145496108949,0.9264976924551392
015,31134.678792803363,0.6888447780676299,6941.594087471584,-3.29612413533493,86.0,1034.1037540775142,1298.0,16.484499475167777,0.5717403753880376,8.538573618680623,0.05189661004768634,5.459302610327906,1.5837710018374958,0.9966271248227306,8.635913022127742e-05,0.016540936020486202,3.4730015745689347,0.7880134349322836,2.79509023285434,0.0007792270369131612,1499.125053859631,0.0006447040800677733,1160.748518148011,0.0019114236169974995,4366.279963576343,16573.249284016147,37174.30518182767,0.7074941202988971
016,549.6848391603672,0.7262034031928163,443.0975133091693,-1.2216485622255755,261.0,917.3221117061972,1170.0,3.713317065587381,0.5169474002895413,36.56023256885156,0.016257912591329308,7.37563301327313,4.0460611490268334,0.9761967449838505,0.0054266257587747575,0.24978920881205,0.14007502561634105,0.9094711423107268,1.5400726372620086,0.004537072025863161,761.1526444084603,0.004406777225916163,670.4015641485067,0.0053118049474093106,1311.1517023976276,98.96939556235655,904.2531190902698,0.8719321993996823
017,2565.4769708206964,0.479820974137055,1880.2688436759213,1.095044447506904,0.0,392.76696599440595,1243.0,4.047362439778269,0.5601380594115141,69.61460747961307,0.001998479635344313,9.614863548627016,6.1758924218754885,0.9750298185180144,0.0011717351713617886,0.2512762360171901,1.2284157053566067,0.9602245282553172,1.175881927750155,0.016775735796725685,342.0666810902336,0.016222339153475433,329.7991378306812,0.01922075608678856,395.5954704865557,266.1756219637862,5796.110651353327,0.9470835362194112
018,50442.20733642578,0.5849267227137982,11279.062252383039,-1.822904971590961,31.0,926.2040226203767,1148.0,4.8793047178972015,0.8849844568348135,19.109166834637943,0.08940098453588186,5.646896241546399,1.9928009016776116,0.9916090429957448,7.608156876144851e-05,0.13423978762623515,4.8189914877981295,0.753998736775928,5.009277375200873,0.002567358562185747,1285.6616989161246,0.002226434162303747,887.2756576864957,0.006125462200766711,8029.3691142554435,21867.97326183635,34965.074882690904,0.6035725497759501
019,4264.5225524902335,0.4090235202707712,3095.8422673917285,-0.35894495777687635,88.0,738.9181729624419,1165.0,1.6817961384306357,0.6813813023088954,72.92671539401293,0.012913245708556596,8.743717274328421,5.580480071514387,0.967872944191178,0.0009068439794046027,0.5601742775971469,0.8122548001052233,0.9167380321586932,1.6119967392985994,0.004844801564563147,797.5623171412942,0.004654004347967346,690.2137375084781,0.005979761415693992,1647.2413493937079,438.7140383158351,6507.760275374632,0.8689252083558826
020,2027.0819091796875,0.4844266231733903,1592.841886118626,-0.9446596023382221,313.0,963.4607621829773,1258.0,3.5444727824639086,0.3745141594249439,34.29793414024985,0.005541879154178823,8.211780163707074,4.218687434266942,0.9795072970860736,0.0009393683637673061,0.14222392352591967,0.7783545511966877,0.940741696028478,1.2788821063973144,0.0020458696516892287,756.5369530517701,0.001965376921484279,705.103526971512,0.0024175065496522693,1000.3320412653,437.7117248705352,5949.222405276796,0.9210545131405574
021,1747.1532201766968,0.5067458147031004,1377.815462088696,0.3393728357314608,8.0,562.3595136378574,1132.0,1.6264701059807722,0.8053620530434491,61.17524462790789,0.003242981749434654,9.397288627313122,5.414104980934201,0.9743359236474546,0.0017427760059386484,0.4807452465684416,0.656429686365103,0.9361905780183414,1.3419550429511178,0.006049637740727309,657.8021756320878,0.0057401612805110655,598.0841449235896,0.007530037862552681,1014.4228715948982,194.7558330594808,4703.362259924533,0.9105260496979196
022,7294.7845458984375,0.4735421278628657,3830.730125747403,0.6628861940996515,69.0,531.0824474816502,1174.0,2.566108195051529,0.7631524337968154,40.72227213071485,0.0018707950878303489,9.533148361651453,4.812251683872364,0.9813401861553088,0.0007361163233470606,0.2504441543775288,2.473945438264252,0.9493644446020868,1.2304730016397285,0.005588003404195194,477.5291175186515,0.005331469168631157,453.1667036680964,0.006748471321121303,589.3055007828563,525.9455833966083,12911.52537898311,0.9327093433015984
023,59105.73309987932,0.33872107681037644,21641.203559887213,0.004302326326245588,28.0,684.0320932149414,1797.0,1.3999430453992303,0.9328119885831933,25.752834220040718,0.0071633219412944186,8.719980960554668,3.097140656812549,0.9950995609305124,0.00014405496171094714,0.15403699880299698,3.0810513809242086,0.8753392670029562,1.795760891566721,0.004236597911109557,879.2594203542793,0.0036870347843182476,750.7176673651134,0.007506385055614797,1768.4855869776925,5274.792634221273,80135.83381955468,0.8263332785756075
024,4905.527133868802,0.5061884906788946,2747.608401218319,-0.07060615464342154,0.0,589.6660665294925,1145.0,1.6674046144972416,0.8380784281067281,68.76379140423415,0.004500981581231291,9.512218072706323,5.6136383745330285,0.9716217291821708,0.0010042304772454717,0.6454101393543571,1.012835526650057,0.920253020774922,1.5518553942104487,0.0228469289490188,763.5447783041901,0.018422572683059902,690.4449702323355,0.06034177977484735,1227.6719922700672,338.62894375857337,8345.78617958261,0.8772620555027963
025,57048.69817055192,0.3628083900356192,19735.78312815679,-0.016530319917876506,0.0,633.3636001441879,1544.0,1.281461595284248,0.9226718424095564,31.47369499264558,0.014954199217909988,8.268727333203767,3.376044474958265,0.9922559949762744,9.529177928752278e-05,0.235714340947632,5.246119625763173,0.8626764069602552,2.0770230177443425,0.006282935449904509,793.7085271942906,0.005474473363949988,643.251287420373,0.011189830804388928,2187.363990929215,8785.144048770924,88646.67930055464,0.7960436864039665
026,2453.984468226771,0.6062888534837968,1443.0306665563699,-0.7859621429144334,100.0,830.474113996407,1305.0,2.300789812861058,0.7468564908198866,45.77042805482055,0.013981164822926356,8.298643266719527,4.515406046704233,0.982465811693838,0.0017076758279105822,0.2628506482623838,0.2979667007685466,0.910575644792891,1.5910280914078683,0.003979452045478968,934.4756192374186,0.003844379853482593,812.4296128171044,0.004695709804586869,1771.0005010632508,357.0186183243508,4216.514775646514,0.8662546011884573
027,89349.365234375,0.5156545915449425,18706.51616954356,-2.6728883864265183,0.0,1033.553248172689,1833.0,13.882904522782738,0.31418242743165337,30.03423378286013,0.01034955088045331,7.540521122737638,3.6168441919113867,0.9948057552790938,0.0002325244362036906,0.044454217162712084,0.9521795420735764,0.9267354294673026,1.3613283386877022,0.0012152119320516686,1778.4740328158146,0.0011692281606264026,1643.1227493176084,0.001437135140718048,2446.0113502117483,2587.5163604071317,21792.07351182356,0.90142506581471
028,117543.701171875,0.6235125022421524,18583.84676152281,-2.5125531246870403,0.0,985.9094621764262,1477.0,9.665009609029859,0.526526271197276,56.1212666910867,0.011660048400738999,7.842506845706613,4.367575153811972,0.986526180059848,0.0002092332324713878,0.12958968180135272,1.2356081601483098,0.9191960805444752,1.4160778056248982,0.007373706428567398,1651.9860649488714,0.00638268454192394,1506.568507758851,0.012918445932526113,2401.6350305098745,2758.034556421211,22955.53882015329,0.8902386567943241
029,75969.02250855285,0.3353578721834785,25842.319353803327,-1.2896396369541172,0.0,863.1576343265273,2559.0,3.2526015389148983,0.8174419592357982,49.53425406314246,0.010193049069431413,8.399041338677456,4.216377593230743,0.9955379320090396,6.014128082267441e-05,0.16541626601443596,4.030041096827001,0.9168713564613368,1.439110949127922,0.008924765166555559,1348.4873328663307,0.008520088851588666,1214.4877694462525,0.010919399258146974,2070.261186777143,10030.178597715563,104706.97952901367,0.8860879803891554
030,1754.0612902434423,0.4613329509900415,1513.7697980616547,-0.22427775690832893,0.0,723.1498470948012,1517.0,1.8292772144568537,0.601442126601352,127.11879744219758,0.0012543938264948035,10.24024532644344,8.261820732296123,0.9698399715687928,0.0022332830009542007,0.5549382932405129,0.2590749385893416,0.9690782598566986,1.1357175589467117,0.00805414227863256,1028.5538983468248,0.007988741828559475,987.400112274772,0.008340511331368424,1212.5715759405134,92.17584097859327,3467.1763387802303,0.9584999607935388
031,2433.013916015625,0.5139446267229766,1691.5386700033948,-1.5341731955820903,0.0,924.6103794292882,1416.0,4.775998065184429,0.5249953114741801,100.3447886042843,0.004029834621128597,9.163392613502984,6.698316411521847,0.9735978074770496,0.0010813535382533873,0.3695976746246733,0.3123701024350188,0.95224547050674,1.2202787302889768,0.01474451181187023,1513.5580850138604,0.013385863065705902,1429.8959014594836,0.021149024428974702,1901.2816899980176,303.2906867356538,5265.847837531656,0.9356803434884338
032,35505.168914794915,0.31800935229603394,16405.430737629784,0.11802866241908967,0.0,651.6100759744837,3350.0,2.4136863256809007,0.6949430486766853,179.6916591104377,0.001699102930919065,10.692073782008917,9.41040123962878,0.9906235408097971,5.123719239323037e-05,0.2335399522626556,3.8961742879850965,0.9574330689857259,1.2187165008545753,0.08141850698009999,1033.0367491507486,0.06609077432738808,998.8796912479995,0.18113139386260416,1184.61943057854,2994.1417929281947,96631.97858977476,0.9394332942158576
033,2786.0848032871645,0.36475569023782745,2609.715023361496,-0.4081187883744528,0.0,743.9759493670887,1489.0,1.9693440151423216,0.6162225039501764,120.29093700707662,0.001478579393178178,10.207773199912706,7.859439653021793,0.9707085988771844,0.0014336131903803836,0.5265181524876452,0.3567028729116652,0.9673757370413648,1.1464000208113059,0.012728351657578086,1077.113314103538,0.012217448236938148,1030.9725443836658,0.015014550527842443,1287.3453753224455,153.88259493670887,5544.300506857907,0.9558057448880236
034,16445.544197159787,0.3254490503582188,9589.02560710265,-0.4341043567910126,0.0,748.8273533999948,1623.0,1.980256694937831,0.5889956947888784,159.1901799794165,0.0010842465619945328,10.688196942657957,9.040299810925069,0.9674002671669738,0.0002006696481288128,0.5779640054125956,2.2243425830699315,0.9663294435546674,1.1530037715280717,0.023313244375502785,1120.915860132474,0.020930685254685246,1078.2667933842283,0.038452595642287216,1311.6576731765601,942.2182696979773,34155.67580152478,0.9542903456158192
035,7115.891380586803,0.460220399505386,3876.995556484927,-1.0434985995507182,0.0,899.8513293158453,1497.0,2.9341178722770818,0.6319650162466784,76.82783109704405,0.0036007634064846,9.335941884462839,6.119346525233783,0.9807605297601087,0.000575468529275426,0.3313686456559018,0.5935911873459151,0.9543073278038986,1.210469008600509,0.0025780192850880725,1449.672514457812,0.0025235828910840762,1370.327999428335,0.002813294437663985,1818.243219500641,579.2702587734847,11740.02589636696,0.9383361055817632
036,137551.29255997972,0.3334065517890153,38626.49825210054,-2.0609673161314768,0.0,984.0312644893468,1749.0,6.614377265768932,0.7696071983919415,32.038829129302144,0.009813357857564532,7.949485036975662,3.5938606200954384,0.9939251600566712,3.3389307639659585e-05,0.08440909542555589,6.60202245440948,0.9200827749467462,1.4000408927001602,0.0026870263891324783,1655.4223012718055,0.0022863823996098183,1512.6600619434937,0.0052776733306530476,2374.1215740857238,18564.7380369454,167196.51046258074,0.8927010858822639
037,4078.67431640625,0.2790935557926261,4394.068798591424,-0.5819576440837066,0.0,753.8541900486345,1623.0,2.0673297632321668,0.6408591130852006,116.52392591031115,0.001934469964626874,10.052111538532136,7.661345195615397,0.9754933699466526,0.0007885950551167317,0.5520032976290075,0.5828981150226099,0.9669787361631444,1.1476151555408238,0.021261948714360827,1113.6173828615686,0.02035642203734816,1067.632281069951,0.02546930920702994,1321.7298690299315,303.5736999625889,9367.686370303092,0.9554447610003164
038,288.39111328125,0.5534962839789767,375.0755133180242,-0.7500064877561523,213.0,828.7751322751323,1096.0,2.415890863716589,0.5451989504947812,52.81015197027648,0.00728114950072915,7.950886301239736,5.041503727630464,0.9652062199201864,0.010430830919599031,0.4127661497622646,0.08990365217400269,0.9430382446601532,1.2851963567866245,0.005315660884924528,709.3969940130135,0.005236635205987518,652.6884725138748,0.005691497699084558,999.7112013752693,35.1005291005291,602.3823773880457,0.921957671957672
039,1305.0079345703125,0.41465124590182895,1381.8377185401152,0.08888003486543168,53.0,600.5714703303128,1521.0,1.58684848875744,0.66532481221035,100.00242092991648,0.002719530907765832,9.496392928218873,7.152029641316582,0.9740576023789416,0.0022170778546136407,0.5807040193015734,0.40004367042396094,0.951108928019198,1.2446149022378998,0.010880354092883644,641.0359622840842,0.010493951585579293,595.539200970644,0.012645085238425604,882.5312679105591,102.66384098216896,2819.971746532899,0.9329705664110808
040,7324.825286865234,0.4898649128555403,3713.0011262275157,-1.6325511597767022,0.0,925.5497123519458,1401.0,4.720438716355842,0.637418584547684,53.32648910182671,0.00859569846019457,8.30259138152853,4.640256379706554,0.9853339951325254,0.0005029227119349403,0.21100488130682546,0.618566082624751,0.9313120137761848,1.3437709501135893,0.002917070153021399,1487.0456431858324,0.002848347527085765,1368.7457903483335,0.003233285426614101,2083.188901307096,998.9415228426396,11192.298740896267,0.9064063516855394
041,850.6889343261719,0.3658340872745042,1172.364462938513,0.03675557787095273,0.0,663.3157894736843,1411.0,2.1085425405437674,0.5115270493277587,132.28460270927496,0.001209017075433052,9.978274866832717,8.844310433569184,0.964021811235928,0.004507779905115434,0.5384289153892523,0.19465278527139812,0.9768316543333809,1.100701968885721,0.010403672569395606,866.4200175458639,0.010071939507686856,843.1836726470865,0.011744600392351513,969.2360381000664,43.943027672273466,1680.685006181093,0.9688634751033014
042,31809.38265115166,0.3499280881600311,13857.045237752449,-0.79223603187573,0.0,881.5165798450432,3402.0,3.2611947288583294,0.5837188362893629,152.04142049312196,0.0015924354242723756,10.420657909541786,8.605952373603492,0.9922602087600798,0.00010325645122354915,0.19378796407150556,1.5759912004294223,0.9643926351050224,1.1606305427828982,0.02255591600370321,1480.204528821039,0.020074999902367482,1423.5362466337433,0.0369108936842542,1732.0431679292803,2229.5878308697147,65557.90304432057,0.9518531551744128
043,1504.3844709362418,0.2941521020851805,2133.973284757483,0.5566636194982081,30.0,488.9770447960777,1082.0,2.0107074524795485,0.6706420674957164,89.40845418087733,0.002133365495057748,9.56856954611026,6.788049988354139,0.9587030977702712,0.0018209456935388774,0.5737938835029104,1.1926655322921669,0.9551851874355948,1.2219354992682845,0.009639438310341808,486.8427500875546,0.00916215414336665,463.44437299145414,0.01215977047104566,602.9639970255507,144.23200356585693,3768.5521393049157,0.9391404227597674
044,707.6526834537024,0.3719571895736144,1016.1915020724934,1.06469150381874,148.0,433.9958158995816,1036.0,3.205441948379512,0.6069359985920529,66.76730910720879,0.003103200092230405,8.998531562312424,6.01044210263412,0.958262470843926,0.003828248859427039,0.3597144265335939,1.2606518877453894,0.9564807350597384,1.2188939575530802,0.02118583836502575,241.31876521249737,0.02023328452164244,231.4158121280008,0.02648533614351976,289.37056502358536,91.05020920502092,1612.8425048655392,0.940497264242034
045,6297.7752685546875,0.35361044443466993,4645.065291055882,0.37059530456266,0.0,595.2942685429492,1754.0,1.8778607755238792,0.6071735208886992,161.68833018083333,0.0007979347694432277,10.78078424836027,9.412913527618187,0.9713701814285683,0.0005804325153237705,0.5865576086887633,1.3126106010281824,0.9729580764445294,1.115608708258787,0.01821959695481173,790.5317910385049,0.01788536735044393,766.6607100563858,0.019780769321693877,892.8700708633694,312.5428026971563,12246.978530543096,0.9640022100444264
046,25564.05639648437,0.5847841752241483,7152.941567995462,-0.497776845753493,0.0,775.002888920988,1652.0,1.9855695508227784,0.5957282832157087,146.14210767714468,0.0014004415976024164,10.354387360750806,8.798368329542416,0.971179997801488,0.0012200941754667786,0.5975783824132082,0.3583282923528885,0.9688201022179972,1.1360555716386904,0.017938042473902804,1188.136576116401,0.017455660215027494,1142.1703078363025,0.019990942776809833,1391.116920336577,174.5565506283403,6113.304893342962,0.958366204068934
047,40393.06640625,0.5101381559158393,11119.624161105225,-0.807121942628756,0.0,857.9622997884558,1685.0,2.497994119501459,0.5441551363242437,160.33328420779438,0.00205342251712932,10.188497621760067,8.679231334382548,0.970178440454604,0.0005664431823603087,0.5781049720968912,0.5938249309637512,0.962657850810512,1.1689699480749545,0.022869398439723437,1411.8699068439043,0.02198299807805764,1346.8064643857242,0.02703647442928982,1707.8518345603782,400.4383499546691,11394.194087715745,0.9495199572262132
048,3146.695775985718,0.6072867594680119,1703.8831613795112,-0.775586776875962,40.0,827.9581241581976,1218.0,2.122719974688579,0.7295660269487769,67.32766291352921,0.008743701314794556,8.764548892850001,5.423770003202001,0.9742748257127181,0.001116555029245506,0.4550556057526237,0.4451723219154057,0.9258902921462993,1.4184314877202266,0.003131640594923689,1165.1706959441765,0.003039621459508019,1043.3636499661086,0.003588259169412325,1869.3331284174426,418.5364270846088,6028.495767523875,0.8941424682822994
049,1659.9930667877195,0.5397695308781585,1247.872542900368,0.02169112457872993,164.0,725.5282217782218,1272.0,1.6757181584108238,0.7638889059032599,46.78178677734218,0.002414151362428194,9.365411637716699,5.0847097840001245,0.9787265604569692,0.003043884199432747,0.30634504417394803,0.3414441590410769,0.9504872420321356,1.233430637034613,0.0052697948120401005,643.8361731677395,0.005123518990004272,600.4649452105909,0.005916941285100306,856.8183856122405,124.42757242757244,3282.8790875622662,0.9328748174902022
050,2426.1932373046875,0.4950534561182172,1757.3718899917149,-0.3042436181431375,0.0,690.0280183392766,1631.0,1.6012577937177082,0.6869614817702676,116.69792154110101,0.002132689861510986,9.977721778748947,7.651013693884906,0.9759974871466632,0.0010069616932041354,0.58984911283359,0.5077823323929762,0.961710129957682,1.1741500584093816,0.014943250964430797,973.9119804564639,0.014507022550208925,924.4576987529242,0.01696782906891684,1204.0898338473366,229.84207845134998,6733.020288567459,0.9481464790940084
051,4863.594415785465,0.6441154345653998,2148.695826731069,-1.1918048468904472,0.0,998.0389727011494,1567.0,5.493037413770994,0.2834529356926354,50.18887177505686,0.0038038364241760095,8.772469519238296,5.3116323280732,0.9880373065718102,0.0006151443254488977,0.1109533839134756,0.5091049294371729,0.9565477407847288,1.1951123734992732,0.0008945783804072654,1674.2863723480866,0.0008630676490571866,1598.0066379956197,0.0010330722035942132,2016.9588300474359,599.6508620689656,9354.874090504516,0.94188632847038
052,3043.365478515625,0.4788715013409442,2113.2242886063927,-1.063783491950244,152.0,864.4729255452494,1486.0,2.784036413779172,0.5992321663448364,62.517433626457255,0.01657440879342681,7.822432365258759,4.753319015858021,0.9808439209607372,0.0007804459609017504,0.2709276807922908,0.5516361434056716,0.8960391977340076,1.6865347029149116,0.004980115648040919,898.0904978192473,0.0047868478173611635,770.6918212958734,0.006146755916536696,1755.549714223121,587.8698922035597,5221.810104981463,0.8498177680930251
053,1009.4797922730536,0.4778147371691395,1012.527378828524,-0.13749517253070098,159.0,692.3647002627181,1069.0,1.5972744270471402,0.4971645763228028,105.7638424729328,0.0055920724467006504,9.029182956160216,7.418162620644001,0.9379799915389776,0.0011942794947058268,0.91111890294941,1.0795200379711016,0.943234614757984,1.4061279196043208,0.009766330784148566,570.5083238762752,0.009447263379279251,518.1104768869792,0.011404454586581224,994.653610739075,162.0752328636255,3332.2675680467296,0.9141114438463376
054,1487438.96484375,0.5742288915836224,109698.61812121911,-2.3516309215472098,0.0,1002.4332579954207,2631.0,8.633572918083475,0.7589676548700085,26.34998461238555,0.011297687744287296,7.678274105741267,3.3281853175238,0.9977215738376004,2.220758275029479e-05,0.03316792523680585,6.603030823322798,0.9151316007005981,1.4292142068522569,0.0014443743382973454,1700.3373978193729,0.0012946909012645606,1546.6062144839093,0.002341161213130237,2481.911761023005,30305.54727823325,240344.66139292828,0.8862240706335545
055,26419.708268019585,0.5260373121919367,8124.015423230398,-0.4760095885756202,0.0,740.3202912726877,1914.0,1.8054672220281556,0.5657036261688932,202.96536128292087,0.002524105711879691,10.06412968530296,9.546045187880193,0.9704217126142798,0.0006297304042015317,0.8483488446272074,0.6656218386887361,0.9573208830904999,1.2004398962298701,0.05822843538622757,1151.270651606747,0.053438469829152166,1089.3482609160096,0.08190778460258957,1444.4256129180988,281.35061406368874,7748.657914000869,0.9416785800874486
056,114788.66202071463,0.4096677291502168,27799.404936687843,-0.4009630648288138,0.0,740.4767418002756,1883.0,1.6866064597491468,0.6065054134233964,197.2140894890287,0.0018306040253351368,10.411457505204146,9.406247829996877,0.9706422179509904,0.00019740501300434405,0.6451798361939124,1.7478236535307865,0.9596422175739616,1.187862824203649,0.0472952042990172,1171.6711354984088,0.043553861468954166,1114.0135285442277,0.06671626537342791,1441.0508003156556,927.750769411144,29008.617670915435,0.9449654018637224
057,10717.7734375,0.5962303347591819,3916.388277323289,0.01703018651140925,123.0,604.8063781321184,1105.0,1.781949467802599,0.6906170126046711,53.30798316726465,0.0016771395769887866,9.532810023710145,5.474880040677644,0.9715185095981564,0.003044466701747102,0.3779586305089939,0.5270650080768727,0.9541502480336314,1.2087287456618332,0.007240218758345675,518.8316505203212,0.00694951008440717,490.4616070251789,0.00862341710489047,646.5071116126431,102.83712984054671,2928.069793976742,0.9390003504468198
058,1193.2373046875,0.5094898685023175,1061.2901879842916,0.13839928721673828,153.0,592.3893861892583,1070.0,1.7755733081791254,0.5656996409520997,79.2591731610017,0.0016976878352864145,9.550528341576708,6.644343241945423,0.9513341701557032,0.0023791450121252947,0.6334634422114109,1.0273377024361068,0.9589843369264852,1.196688129928806,0.016125013867996155,418.31507013513163,0.015644220178573705,394.22992716337785,0.018445971764599303,536.9362463179667,94.43158567774937,2664.267704817483,0.9445947275231164
059,686.82861328125,0.7188244220451034,499.33781399258766,0.154386398959819,192.0,535.989247311828,871.0,1.926831690687387,-0.004613769355505042,99.94883597289405,0.011761354960624684,6.63698018558071,8.699611550332783,0.8944962946722209,0.026826947514562167,0.6995649856419892,0.12262693699166315,0.9797492748931708,1.1037304096614409,0.02314590600048332,275.906809550782,0.02301503444719872,268.0453740189229,0.02377259230584696,318.05022379594084,7.956989247311827,172.6290975913195,0.9718775847808104
060,6274.902678096923,0.5379863117211849,3027.363296239626,0.08625326808028319,0.0,610.7506702412868,1456.0,2.082020544011042,0.5158200618484944,130.51749978741685,0.0010769848799427966,10.11195048526486,8.837382026454957,0.9665055846270038,0.004468512721458099,0.5634498785766511,0.22279776131084425,0.9758243234883548,1.1027187575069899,0.017022236998713542,763.1733291837195,0.016668481932484176,741.9672858606276,0.018496945352768787,853.916332845787,43.396782841823054,1693.9052960566198,0.9678696638482164
061,1154.7088623046875,0.4265272537868167,1237.841939655299,-0.1650738203334537,158.0,708.8671952428148,1076.0,1.5656135017016517,0.5557433007961601,88.17004062175417,0.007172983621590961,8.724264680313079,6.735143757831031,0.9490169270213424,0.0019375455646797766,0.6950206936933783,0.5913802378761296,0.9369822694527428,1.3933667621692485,0.006972085315750757,590.9955101781869,0.006795314352489164,528.2844015055912,0.007916732970624967,1006.557734063186,126.42253055830857,2346.2096753635315,0.9077278849330386
062,6081.756591796875,0.5658784478976389,2818.840824274692,-1.0769531077932042,0.0,901.0078931390407,1491.0,3.801822903660831,0.40733060552706135,99.13603822688795,0.002587036954052512,9.21765989042006,7.230405059069753,0.9754279208720446,0.004392694423687744,0.3279489586576655,0.08334564474229796,0.9678687196706977,1.137575890938829,0.004265565422460308,1433.7093745464679,0.004240359067017108,1380.3025492572135,0.004371303203125953,1664.3136971734866,59.775956284153004,1449.1481520265374,0.957545187053384
063,20009.032829298878,0.632309857955942,5612.228053779896,-0.8589829067490811,0.0,826.6298974272743,1383.0,2.331371411717181,0.5955923522781278,107.50783228480866,0.004612961683284478,9.202415476756833,6.849724271866433,0.9707477571701264,0.0012336487834795054,0.5381854074091881,0.33153318297320433,0.948585873358181,1.245374463674725,0.007551432991975637,1272.7792113666792,0.0074685216971910676,1187.4191372423809,0.007910162130720036,1684.6807234901812,252.41886665545655,4835.229798581646,0.9299064816132246
064,3366.0888671875,0.5729056470363976,1870.232366429354,-0.8058335201216932,0.0,869.5802357207616,1439.0,2.822032342853013,0.4153451350819909,132.49184462905149,0.002529766844735674,9.184387212715167,8.452564567963723,0.9656153022660278,0.006387342604407925,0.5744193059375647,0.07002368631858777,0.972331526836962,1.1191390690889669,0.0077329717759546295,1375.5244699230493,0.007547297007550441,1327.7751152172646,0.008480083306739319,1583.4739513814554,33.72348141432457,987.608820136705,0.963107608619848
065,364776.85546875,0.4685610944963922,52644.55796216901,-2.1384952168200124,0.0,1028.3411850807763,1776.0,12.067563232584126,0.39047730089535226,51.60803025888397,0.003681713333969753,8.810264616069126,5.364301972942612,0.9905409538889616,4.572498567104239e-05,0.07570460724536995,4.8416722152393366,0.9537604881362972,1.2091667664133738,0.0037545468372199155,1782.0229042971307,0.0029904141631684656,1698.9775655240735,0.009042634700170138,2154.4551312399217,8332.677152228125,122584.59742410324,0.9382000683908956
066,10361.867426386842,0.44075315236458346,5206.366424751797,-0.8534350339287462,35.0,822.6283831115072,1216.0,2.2366159279532356,0.6995326069198599,59.59713713207381,0.007999536499320042,8.562092702585932,5.007213204176295,0.9772005377882748,0.0002451063760411525,0.3776652033365052,1.97840802016082,0.9249305159610596,1.3967063726606028,0.0023029524582629346,1141.2156279578298,0.002209143286863351,1029.6185620020767,0.0027704863515984235,1739.8277110831953,1740.238362096415,23237.20725847928,0.8969060297150471
067,31627.733453877696,0.415042006182988,11610.706459010178,-1.9763788640016944,0.0,965.077315102548,1620.0,7.495908174699191,0.4627701590158443,71.17522571303371,0.005756727506847979,8.619978711743746,5.481911599171815,0.9849317170956712,0.0008679901211725617,0.1885448455339815,0.3438746734340431,0.9440655696351976,1.270360479008898,0.007183810246677469,1596.4686223015954,0.005642765308324435,1498.5445091129816,0.01630263733485252,2068.2654309086693,478.0635177128651,6420.73089807852,0.9237175503179232
068,3224.663245530069,0.5689248973432057,1833.0027216074138,-1.5753216997738826,0.0,973.1465863453816,1417.0,5.050358410491087,0.24334638874047584,120.64943698057196,0.005126822273531597,8.406426611510947,7.109135655953863,0.9692378526947892,0.006306704080422742,0.4579151770958765,0.05279126520248801,0.9572343656302792,1.1936082804675563,0.00732567019414901,1660.7005487171177,0.007234001845797952,1578.329149672104,0.007704074424968819,2034.0116044048104,48.53012048192771,839.3963845750043,0.9426938523324064
069,1447382.1393850215,0.4063319170410025,152198.36713965182,-0.7179070138316387,0.0,808.5104769959784,2947.0,2.511919294216168,0.7752522147935884,72.50637658749676,0.0021436237582356317,9.988474264722774,6.039863710809888,0.994944996505108,2.799550565790385e-05,0.11127542641539473,6.102956811323929,0.9532166150854156,1.2139569344148116,0.010889322324171335,1240.2849042339801,0.010360036187826748,1174.901107417073,0.013457201708601345,1543.6942755193493,11496.143647708559,295967.6072192764,0.937211054821706
070,3209.2203350837453,0.5140887404715305,2013.0472718253518,-0.13344070570810634,0.0,720.2239382239383,1877.0,1.850322907326344,0.4958835194625356,193.41343919210644,0.0016318721683999994,9.601668915990304,10.115128489480933,0.9702641913448852,0.006848815519021882,0.9162879178970892,0.08802086924187481,0.975866681918778,1.1016620725243398,0.025523737558271573,1078.3486628304393,0.025125706546677864,1045.5867127002768,0.027121605551989773,1218.6365646526672,23.013513513513512,940.922376206632,0.9679982179982178
071,8871.499846783405,0.5357321153325689,3837.795614425333,-0.3900476062223495,0.0,732.7753433616742,1433.0,1.6700752687626292,0.5661426756046106,186.1153802503217,0.0019676298826635684,9.943925684066851,9.452171884478656,0.9547391372956262,0.002162728193271643,1.0025910914889211,0.2460448577465817,0.963966951017415,1.1625868872566252,0.031255572820584686,1115.5197756240461,0.02923913304050528,1061.52025751926,0.0411290573841397,1362.1736305608172,82.70307390451275,2646.3428975598044,0.9512753433616742
072,6711.273193359375,0.4285577727166088,3965.980690612307,-0.5419443116842783,0.0,792.3465930018416,1440.0,2.042761235123963,0.466724463349246,190.60833430507859,0.0018297178109032363,9.995712258770512,9.850770171251982,0.9531127417675278,0.002441507866677584,0.9219259177651168,0.20333458197784,0.9674343334904988,1.1466338915129346,0.02446143720245459,1231.3561544895385,0.02365271668131884,1176.6426422152301,0.02809798137880253,1480.0174629734602,69.7329650092081,2383.592487598025,0.9559144354724466
073,11324.70703125,0.48126883740337295,5028.385978574855,-0.3762100431592955,0.0,725.6709351959641,1497.0,1.8511387014712024,0.4863205383697362,165.22784281690818,0.0021409305816928984,9.873942104562452,9.29542044050898,0.9605552171299158,0.00265823357838502,0.7512002093232449,0.20560884452870046,0.9661380065112092,1.156601636675856,0.013033239219599544,1033.5627105692347,0.012902621894511246,982.4688907286353,0.013584743529166443,1275.1789285178722,68.98991074893287,2249.4359072951693,0.9535536252649172
074,9448.241449337178,0.3665262609509611,5875.774846175495,0.12120896597942935,0.0,708.6732701812192,1670.0,2.023688399917676,0.7126105638103467,103.6947509962103,0.000951668626034189,10.667661478407346,7.44907151941322,0.9790043223250676,0.00044875566819074114,0.4167595675019541,1.3351234167037809,0.9656304749464576,1.1527586664678025,0.005784220479992853,1017.7772884077136,0.005676598106268199,975.4281374490307,0.006273480668026948,1209.0617998127,514.3128500823723,21157.247226804848,0.9538017995184388
075,17346.6796875,0.3383849435092072,9554.243400783456,-0.7748915442036617,0.0,795.0411951809942,1253.0,2.0725844825668918,0.8062133799279464,54.24989566304631,0.014750949891340041,8.423881064976975,4.574826939183302,0.9814097896475068,0.00013417205032547605,0.3718344572642077,3.3201858650983347,0.9030680597505044,1.6203142796089245,0.004692150264213859,1139.124375215122,0.004409134246156965,984.1825384483552,0.006147163462670183,2168.747248390248,4567.669988177673,47519.85413624665,0.8584168041607665
076,7074.029676914215,0.5041185946193213,3523.889211745157,0.4541319051243709,40.0,552.6807239104696,1256.0,2.0134417652540515,0.8612903310739264,32.502298296425735,0.0030394169698619365,9.325563089004396,4.039720983430201,0.9877466327336848,0.0009358794422578916,0.2053133873912248,1.2402924907807142,0.9242816056196099,1.4833553356877534,0.005789318171468964,552.6331100305241,0.0053822996042539725,494.5902410462424,0.007857455186333798,1021.6095679427873,538.8066189321756,12952.148938803157,0.8875449408233984
077,10137.416498180179,0.35151806013477305,6426.464533321477,-0.07525121176374318,0.0,638.4269830733488,1460.0,1.7310072231173708,0.5444705899225588,174.72409728892205,0.0008121112989842199,10.789693814090874,9.816947313611623,0.9570739692250811,0.00030736756102073834,0.7989469382431055,2.5021119497601982,0.9683088138088306,1.1428777081320487,0.025799635721993456,862.7510888010388,0.0238382050335392,828.7108932463332,0.03558811206204405,1019.7819239339552,524.4963491536673,21230.726587485668,0.9570291557098728
078,206752.70905915133,0.3753814019572495,44959.099996815195,-0.19834154323607456,0.0,760.3035832355763,1400.0,1.6105827801367505,0.8956276989425079,28.612914016474342,0.003885348188718861,9.19221556233238,3.64853789896195,0.9915997760482004,0.00020159898491552605,0.17060308025650875,2.557055330005884,0.9107098726179048,1.5149283812984724,0.00215156919559621,1061.3811152587298,0.0019743157848478585,944.2446833118547,0.0030818467609661643,1776.8797707079252,2984.423525647862,65177.22296007869,0.8747007817819378
079,1428.4705759860583,0.3506265933304469,1738.897156412191,-0.030704977877573945,0.0,728.9890039840637,1721.0,2.19912020188179,0.41816557960543455,163.28485249923833,0.0008810513165755694,10.504978730572152,9.74267385617116,0.9691465265840422,0.0011729871880258493,0.4118174852752918,0.4037649134387371,0.9764095560493364,1.1021567753575718,0.004946588001919734,1023.3053031331317,0.0048314647255951635,994.7856396593477,0.005419012095977223,1147.68138555717,143.99410358565737,5716.917514507766,0.9685320257431812
080,12731.42968587912,0.5215880655831605,5014.540808964371,0.5828853993536031,0.0,562.7881873727088,1529.0,3.1433068962150665,0.450146001308632,95.09358919387888,0.001428004833113,9.862841211241863,7.469984313377585,0.9771971344560844,0.002569369249722059,0.2803232100961088,0.32385909377228606,0.9692753937742018,1.130193836138644,0.005788362439861567,618.08624708707,0.0057023094662025965,599.9016872263279,0.006150361891411155,694.8769524823241,94.98574338085541,2606.299957948053,0.9595018016606608
081,1162.5232730673115,0.5960196446652918,892.0738346353435,0.72534578302489,42.0,497.58468154822856,1127.0,3.0640362468432243,0.7818201394410786,26.33783156154689,0.002770241984529358,8.981503242798746,3.855437794405791,0.9876610869353488,0.0029199634064024497,0.12992744893979394,0.4694428468299465,0.9414607855712791,1.2754662520174944,0.0049103257572263755,441.18059213406235,0.004667540560534937,415.5070582788485,0.006057120276475306,560.4383911880633,187.72209707147246,3865.1572142916607,0.9218796767434898
082,11879.222035917548,0.5718827625509066,4368.718014906822,-0.10351495350220076,0.0,691.3817766165906,1407.0,1.7948714472074416,0.5671194580028213,150.0981837085728,0.0010973251305912944,10.333799655890902,9.164885827029408,0.9601614456618346,0.002596618998795287,0.6864295264666402,0.2769191248656578,0.9722115970115448,1.120164096657356,0.01681972653012626,966.5131481303273,0.016182064478734208,934.6311940902092,0.019500879604088982,1106.3621210608376,71.06923579359896,2740.6022413158,0.9628950409486008
083,554.656982421875,0.43722569918819293,735.5725291623164,0.09450089304456816,80.0,585.6155433287482,1053.0,1.5575698778856484,0.5325801407845508,132.14132670091522,0.003908938827461451,9.124177466152913,8.504443094624065,0.9339396562510408,0.003956933708228467,1.0682770272449684,0.34261015594980865,0.9557786253246668,1.258070609329646,0.021697075853197138,554.7916716919639,0.02124877392692929,508.8531220475408,0.023712700272356592,853.0459139026532,45.74277854195324,1214.4686823833172,0.9349804253518148
084,41519.6518896744,0.5219849778595607,11077.614306939373,-0.612045208475569,0.0,781.0582311070724,2104.0,2.1495063429212617,0.6518838938284335,132.4859150073855,0.0017566249200367595,10.227277452101095,7.9718351830981335,0.9832721691601573,0.0006531229044263293,0.4224499146123615,0.5165692241152742,0.9629612307723056,1.1633529886127107,0.023458595904556918,1202.7649257264416,0.021864292731574437,1149.7688117946338,0.03071711512230578,1438.8008837474638,381.29956080569434,11387.42334287943,0.95056442875616
085,686.2640380859375,0.5941305733477843,627.3805991437899,0.2573454117382627,43.0,563.2984991662033,1129.0,1.517790110029697,0.7055576013946276,94.4392656892344,0.002489896374688038,9.3609245629994,7.101058145079036,0.9596884465928616,0.0042079086632858965,0.6894147645100196,0.285337678045022,0.9551574715111144,1.213084585853169,0.008461799753677984,631.7934027622122,0.008175372679932938,588.8136995938645,0.009754734706519693,846.0044219499372,57.61700944969427,1503.6301137969238,0.9388549193996666
086,70516.9677734375,0.4063423249785404,20224.021185890702,-0.12905083250105012,0.0,741.9832518284503,3695.0,2.2662990355674517,0.6342717713268706,187.8831831325169,0.0008420173499639082,10.94239056270798,9.679827855148329,0.9917861337246452,0.00035081377943126525,0.4461789197526582,0.8369638318505819,0.9693239699117616,1.1358543681930584,0.039595206271926434,1192.3079186999444,0.03647215446815976,1151.5839769500085,0.05552815328916147,1370.4253787943655,470.43021595187605,20434.176852186905,0.9586605457553652
087,1849.7467041015625,0.4882514488955536,1482.5349888226708,0.8244931027296246,0.0,524.5986801402349,1715.0,3.60695796583291,0.5576132341765931,99.95145888685644,0.0013736182514994901,10.048588367591258,7.298483391979108,0.9808921154615,0.0018058976647829191,0.26852735107739184,0.4089650687121802,0.9683834311663309,1.1384461066099436,0.016485024031794714,580.3344812701057,0.01602532946530257,562.7448437719623,0.018742677974317987,656.5825215558349,144.6712724273046,4273.917129291436,0.9577232419055476
088,15685.272216796875,0.3613806979938567,8365.835502203492,0.1980586196524675,0.0,622.6246412763268,2682.0,1.6626792238715886,0.6972150374454518,168.8848497691775,0.001156446787290342,10.731317378781547,9.007679034865996,0.98647381488888,0.000199551447849568,0.4738492802893021,2.024317710486396,0.9600112705741648,1.1854782073093266,0.047094804500318964,916.7354487107332,0.04324585956524263,871.4831165484185,0.06694611469842507,1132.0149191541627,922.0766574249719,35021.09175450221,0.9455675410731592
089,104399.4003593832,0.6507966815958351,16468.076483605168,-2.9905843288077163,47.0,1013.4671777757088,1720.0,11.985005431283755,0.8139001268954261,10.721041526691254,0.040468607133192905,5.955232240814568,1.8643376492606631,0.997759447295032,2.939033656430816e-05,0.027494836528266856,7.929774573538975,0.8300491664917592,2.149414611371252,0.0008848352562107596,1613.5128327859616,0.0007774671756181012,1316.5892887848572,0.0015902026909146766,3628.8095880397746,45942.852532747034,138891.80680518394,0.7703543350247878
090,161262.61677859369,0.6699767847203506,21378.46000008809,-2.126259622429714,0.0,1024.999685017626,1980.0,8.002770164194128,0.5991591588534217,47.53645560595953,0.004411821638898117,8.717953054042809,5.0728659848324105,0.9928702491853202,2.8878026863130983e-05,0.08898816571513785,6.633739052338062,0.9504818026667164,1.2257501624642213,0.0017536460729944568,1790.7089681093107,0.0017031230072915614,1697.3859883637253,0.0019800062742662823,2217.289837425451,13545.762956346894,190009.50375541285,0.9338291401512244
091,704.02587890625,0.5137015098433118,737.4880342713685,0.4014548872460697,20.0,574.8155381944445,1171.0,1.7298591598909003,0.6987526156944261,93.75552705006277,0.002022550167136184,9.62183013480656,7.190087144426718,0.9627577128636392,0.003640044004958146,0.6098478666787723,0.3554238355598869,0.9599081125901944,1.1866044888767855,0.005374968804578959,688.3070360672647,0.005227661213341365,647.0801244986297,0.00601818256108918,890.9750866498174,68.7126736111111,1962.1778553071736,0.94541266025641
092,55714.691162109375,0.4591777252046345,15303.379791737112,0.1230011615106036,0.0,599.3790319002618,2626.0,1.8264323971305956,0.6593167035218801,156.04754185905236,0.0009170559034859301,10.745260060972548,9.07792185737554,0.986873259725904,0.000343859118941822,0.4769043323621167,1.4234056587751789,0.9644541145660368,1.1614187117219317,0.05421950517996498,828.402743252674,0.04854500590652201,796.6381988854394,0.08483529947755472,970.6172351124992,495.9895736279338,19551.93744018628,0.951939714750842
093,34595.327681631534,0.5919374486689539,8633.855793605708,-0.5115115271956243,0.0,725.0085966283352,1545.0,1.6920982932588366,0.6495127019811175,166.98054456327438,0.003207251724999585,9.743019752111792,8.43314665096736,0.9642126224683074,0.0006833324536206488,0.852847680508658,0.6411117342090211,0.9513895207630066,1.2342859229509715,0.060670413239975525,1122.6803062579622,0.05477806795307937,1054.900606947323,0.09242102746689217,1449.7526486313338,310.6998995199285,7361.527523659775,0.933270926907189
094,13956.74849672331,0.6528711641004006,4266.695736887747,-0.3268894983396854,0.0,712.2462879276953,1568.0,1.6786988290903189,0.5984077361605027,170.70771862443408,0.0024589722620239713,9.910181372105333,9.109759628519347,0.9633781191311326,0.002286100282065161,0.7836043663203359,0.21911791700629013,0.9615892989799448,1.179171708863517,0.027927270392750152,1056.6795000337959,0.02700474450796144,1000.7417322499948,0.03190274578779232,1323.1234118670993,88.92898644286636,2654.0221237517567,0.947385409941898
095,9051.513671875,0.5956252699455781,3496.4954410191026,0.4609769735992378,0.0,551.1834120026972,1406.0,2.048654176508593,0.6482206181545968,120.99025835805595,0.0010807327915185023,10.237961926144065,8.231062173696124,0.9672693185423916,0.0028986738106814513,0.5836114473733001,0.39783797815789695,0.9699058951486168,1.1309169696627643,0.022067140644068242,677.0826359584861,0.02157991813264339,653.2926023912271,0.024183779294711917,784.0579984404187,72.92178017532031,2631.783274698609,0.9599045593651122
096,24130.2490234375,0.5200966884144423,7732.99997073597,0.05643089129283855,0.0,666.5707600859997,1761.0,1.6813094832402034,0.6129963570022251,179.26957954662362,0.0008950032136782547,10.758034540821617,9.67143676567198,0.9689071309666702,0.0010157649284083326,0.6866234846718258,0.5722201398936291,0.9712598794373308,1.1262374908447308,0.026612882028992736,972.3203571950177,0.025604590823201767,938.200104555818,0.03140862137233929,1123.6126093238506,168.14506133805492,7047.687694255709,0.9613098423013688
097,16921.18315699408,0.5273749827964155,6002.241491100588,-0.11473999632069964,0.0,659.1997889553289,1690.0,1.6408158179191528,0.5166635153476444,260.9549902267834,0.0012743081938932494,10.561168016045904,11.617823129806267,0.9531372353520388,0.0007784269054780678,1.0373307199490769,0.6959113832511215,0.9689312069557374,1.1446719587616152,0.08497395468982256,1011.4368425199284,0.077118642142906,977.6249583850675,0.12761587156966142,1162.4144263247854,144.2219486457967,5018.779301575821,0.9573040396114614
098,19830.322265625,0.6182002859284241,5722.25669783644,-0.29106887140399,0.0,711.2780799999999,1330.0,1.593182852990022,0.8149925507508679,60.552521346890096,0.003708277491586071,9.545900957301198,5.477507577384038,0.9809301066345056,0.00032659487399215484,0.3774128797026128,1.7253044355394795,0.93823854692397,1.3198804721960529,0.005302709349510237,982.7442926589782,0.005031939168463855,899.0754591482187,0.006565836629542617,1437.9891865624274,1224.5178666666666,29232.221156646032,0.9141764102564104
099,21327.1484375,0.3466232976329785,10709.777719325522,-0.7325504583931718,78.0,808.7538577773707,1194.0,2.024487350590904,0.8717860334219336,28.802966863553124,0.02344921734932271,7.83934675808473,3.3579855174599396,0.9867989407531226,0.0001728738797862957,0.2436262947764855,3.2203705921312915,0.8683673893732452,2.2453452870311064,0.004581744647892682,919.3615143131308,0.004289018929865842,735.4375126271711,0.006478604697362859,2762.510241003637,6216.320458812217,49405.48459868373,0.7882625296311822
100,22138.956730896967,0.6760721522919306,5622.9654977135215,0.7737773132146305,0.0,495.4382206274241,2653.0,5.008114975332103,0.6708839859100798,66.05114929173571,0.0012160956536110725,10.100673923595206,6.157863868843732,0.9943790036982564,0.0002722610802317187,0.09318328993731527,1.47970800379584,0.9599781107598764,1.175945216297325,0.011990430486237495,522.6978309286978,0.01155862625586037,504.2253332964586,0.01389254662332338,603.2054250035477,1069.4572966412497,32300.004302914534,0.9468818561718486
101,6499.002485275269,0.40518119643206985,4138.945477134295,-0.7864274087235791,36.0,832.4191135216008,1260.0,2.2610317564744733,0.6801671645126504,62.823123581435425,0.008838971666520987,8.700813653571721,5.230485179084502,0.9775517267260768,0.00041058323059464533,0.3594436759240282,1.1392425166901026,0.925189120737264,1.4145325120793262,0.0024774554457563888,1154.174277782506,0.0023979455001389067,1034.3668343723855,0.002875973474807273,1831.812692373057,1100.6001496166077,15765.62597979938,0.8942325675073011
102,16845.889419994288,0.4743399561294198,6662.266894460438,-1.0082827939420729,0.0,889.6422149887622,1667.0,3.1079554071001834,0.5245000963720584,122.43470606635462,0.00179280021088098,10.096853132259751,8.08401439756808,0.9755705576232896,0.0002847715875115364,0.4413019151031579,1.1980411507240534,0.9676965331610414,1.1426512801667459,0.008921256485883261,1448.4781974599732,0.008741071280466285,1393.5899496075315,0.009729953683762529,1692.5316375031312,818.6929396264435,22674.240278682577,0.9565813555583376
103,69207.98282713466,0.3856604095397971,21053.36167648857,-0.2984770058134709,0.0,911.4638157183914,3774.0,7.703588966022293,0.6468503529444773,116.08891750607357,0.0035162214025196248,9.583903724435947,7.0264290323471394,0.99510412999453,7.662413373381328e-05,0.08342561032065797,1.3871576484120474,0.9527397804143792,1.221016869600156,0.013413090404528429,1540.149897549673,0.012089515726145942,1456.6464758025602,0.021456684906699577,1929.8801738222787,3962.2442249929773,76515.18666450358,0.9358752728137087
104,14614.879737176392,0.5229774754107848,5512.253552586727,0.4064170537216209,0.0,535.1629020114016,1798.0,2.253280462556368,0.6430861729591574,107.02359375588985,0.0007951400447694019,10.634658750411358,7.982728933320687,0.9807430603796514,0.0004914980859442199,0.3777278039336565,1.7430718812157155,0.9718827855329972,1.1197342534690051,0.02575715175509335,638.343455577043,0.02508312453045442,621.6430445074808,0.028730481996197387,708.8694331690143,430.82596536517167,16618.24831792577,0.9626885430370428
105,4395.9057567008185,0.36979322200833054,3498.18373422715,-1.0987236758328756,0.0,924.4184572032407,1700.0,3.1118982839282494,0.5806720882230587,86.3325484317749,0.00540596637528106,9.085487028353906,6.024601569643751,0.9835695045109148,0.0004691880813970114,0.2637391491515134,0.5915548728013209,0.9433839504431004,1.2762981821169903,0.004688410366587196,1516.619227945979,0.004528673707875928,1410.5338474249731,0.005645438404155002,2038.3092358764625,802.129388282259,13576.482529713909,0.9229504791322332
106,6918.4375,0.387562920472491,4513.000058414513,-0.9755093487099379,0.0,865.8368320610688,1870.0,2.7272642203074144,0.5652593527754541,113.9921574495106,0.00811273589888962,9.107489310310454,6.778811776512233,0.9817680647113584,0.00042336756493090063,0.3642465973743285,0.7194863840323577,0.9348057136003618,1.3650513953556838,0.008131988748455854,1358.240218402294,0.0076837331622057565,1244.3271755681724,0.010170000458628129,2007.4678724344305,871.4544370229007,12833.820400902663,0.9060848502642396
107,19095.92056274414,0.42734409295676695,8076.066894925999,-0.24549461924058086,0.0,772.0160515202019,2055.0,1.9685539461248496,0.7266589076896535,88.2320352063528,0.0009961229850439022,10.539652050203983,6.975339830236787,0.9878881338663864,0.00017232633561720963,0.3179257413577907,2.3566132374172235,0.9640140815870384,1.1574463668039148,0.005374497745278261,1152.163937117421,0.0051701605894243175,1106.134979621339,0.0063150265410046105,1355.545685294529,1402.0921829743854,53515.00569294988,0.9520744623251056
108,365.36051356903886,0.8128799818051933,300.5705486519583,-0.13686490138622828,192.0,678.4144805876181,1081.0,1.6170296805199549,0.5552586682633203,86.60136948541677,0.0038237685625258392,8.86520288631612,7.01002149995003,0.9466851716695492,0.007213866943929997,0.7240636173378032,0.1944976272003556,0.9553905549834812,1.221438561990984,0.013427937943111616,511.0412617483154,0.013178038513491235,472.83454400152124,0.014566844630833175,709.1119563908547,32.498426023084996,795.5405708226447,0.9376059407538946
109,2196.1212158203125,0.3293760281132881,2463.081839267189,0.3549456803860145,89.0,550.4453708528748,1077.0,1.7218247017479718,0.8318986710780596,45.39254917026355,0.002790672891098435,9.291396203412374,4.854495002624807,0.9755315646962092,0.002288786677306189,0.4372251528310493,0.8201697714570916,0.9397719012188154,1.3426370983881144,0.011608375864226934,494.74810050261584,0.01091502181222742,451.0170030677166,0.015379103040387894,778.303052981647,173.81466041340977,4526.721202597801,0.9141379725017036
110,2115.631103515625,0.4867036278798998,1629.0757539421256,-0.2138009194986051,172.0,726.359358095925,1539.0,1.7337530809336112,0.7781933231241687,41.45886848512975,0.003057896940574114,9.17890875138416,4.746034888839504,0.9873948489822753,0.0022788078489746305,0.2389454575310994,0.35022697813781994,0.9412387109218764,1.297731971755642,0.00534050773728761,638.1015802088338,0.005128363438929121,586.741485473458,0.006325370669808624,912.4365400123137,179.96357735304727,4376.04346239385,0.9188188299259341
111,17392.648194731453,0.6502635456572865,4965.7098141891875,-1.037786257930217,0.0,858.5702519379845,1384.0,2.7074810037575365,0.6216019347458904,108.11097119852232,0.005231113824345768,9.019809669547424,6.615409207986732,0.9710686822886636,0.0017393874379511881,0.5192263050551449,0.2190420982529468,0.9451241308358636,1.2656789105564918,0.009195750159921554,1362.2559864538212,0.009062557399952969,1267.7416531120698,0.009785560070309757,1825.2349893620694,189.0406976744186,3310.321075404504,0.9251639833035182
112,731333.9720854417,0.5499862125807189,71329.46486093024,-2.0312271060208897,0.0,948.0968429700335,2570.0,6.262725454976318,0.6963185929431676,44.096037166414774,0.015374061905090598,7.664200391268522,3.7676318994123514,0.9960408796045752,4.827919995396204e-05,0.11521300989309972,4.925540220141447,0.9017609885302486,1.546363384926895,0.004151263776107147,1541.2284516604452,0.003926026656206413,1370.8736031782078,0.0052484797145013655,2496.170370746373,14663.767115249198,102782.09982341736,0.8649477690241324
113,163032.80228475446,0.4657327959531544,30927.18761922504,0.3624899624931294,0.0,544.1891370216587,1721.0,1.848776744290512,0.6549291407222712,166.11914565500018,0.0014810181512596968,10.64026669916928,8.692524178591736,0.9703226456081641,0.00016177466651941233,0.5902206202540633,4.549961406898532,0.9523440952003378,1.264932420552042,0.0584875001361015,744.5017977932797,0.04700449249217881,711.8916709008203,0.15852266257419048,897.9883678161824,1058.8401077320166,36638.39914989416,0.9305888141709036
114,511574.2455936325,0.5606042706953434,55123.28129278586,-1.4732004119209343,0.0,891.8185021205202,1645.0,3.9909089558813844,0.6476464590515483,97.94982705053093,0.008147893012218738,8.773039660156506,5.7923432796385885,0.980768740797452,6.387470824567621e-05,0.2879920382799589,4.232892715096007,0.9209581641580116,1.4109681581521438,0.01812855470743137,1439.929723902441,0.015039018105405227,1309.8388619949444,0.03679097908149948,2118.008918200226,6947.820375634991,77903.21765146177,0.8919255326395187
115,2996.826171875,0.6493664147234742,1530.911130359758,-0.5609700176468397,0.0,765.4114052953157,1255.0,1.9387953012418455,0.5059411577588488,143.0837889331371,0.003016958776619456,9.069915374353226,8.67707659581481,0.9537114625511408,0.0065705138897953885,0.8597719150133633,0.08542623235167242,0.9660275185089664,1.1532145989014704,0.010442613321058206,1126.5238624799686,0.010377226203902329,1070.8952062610485,0.01071813577521278,1380.8476702201624,30.83299389002036,857.1265416907415,0.9540184866050446
116,4852.294921875,0.6594962395669327,2082.3013313809633,-0.1731856121712337,0.0,721.8679245283017,1945.0,1.6161949374534668,0.5291324747276679,300.1275163045898,0.0015669457056734534,9.957061730531251,12.066904996733351,0.9586741426020624,0.003151640077766346,1.1636872931317266,0.14291511944808594,0.9662100100722892,1.1500601407548128,0.07151075826329338,1207.4721240795402,0.06436219436514068,1165.7773107417786,0.10569435032089756,1390.6913605834416,38.77735849056604,1389.166395111131,0.9546686018384132
117,59205.04760742188,0.5037420674469386,14549.509997200388,0.4162813330880756,0.0,543.2427038537013,1865.0,1.6891910772281755,0.7667351049092929,151.93719894059268,0.002122263192219185,10.438380820469805,8.30851981799688,0.9762649671379964,0.00029840824285804683,0.7058900358044888,2.384088931701749,0.9520448714878678,1.2663827387600577,0.08511596942020744,826.3634296807205,0.07020712269158356,792.9832884197167,0.20279484217285232,978.2418434850932,649.5233184418188,19674.085391357286,0.9300944556675008
118,154492.12646484375,0.4663424389840595,29776.23598447958,-0.5114208568926816,0.0,715.6967828290071,1659.0,1.710784264658347,0.7414777300142384,122.95037747620735,0.0028364301633061074,9.879656274801704,7.335126012398959,0.9761813359273476,0.00017909374494788993,0.6198149819271682,2.292029618658802,0.9509853071130424,1.2351007572878423,0.05546276313102951,1094.26473737298,0.048611085073343434,1032.755601691942,0.09410052237446744,1386.759136601294,1417.3281705626464,34337.140950094836,0.9329097213795337
119,153826.31106596874,0.3797095514855523,36456.55391327478,-0.05709501879121121,0.0,643.0720970465014,1847.0,1.500179438256886,0.7206140844380945,146.5205800838841,0.00146363505900885,10.448701483265255,8.332768239274655,0.9763270006530486,0.00016529515140168368,0.6452755118206984,2.947864717032607,0.9610498772339634,1.1771960759232152,0.05389537192885082,949.4641546909553,0.04962573079416647,904.5448270045924,0.07518780548467531,1155.9840257681958,1181.1959689017654,41038.47199473584,0.9473545817627358
120,13919.180900421972,0.5579382081198071,4985.1651301709635,0.7362648199969303,0.0,400.65820642977997,1393.0,2.9233046268452383,0.4969211932077461,138.4553404101957,0.0016095240107047814,10.122724031451586,8.740804268841421,0.9620009932878012,0.0015276097344699199,0.5165313778088767,1.099927063063711,0.96349492350862,1.182643407142608,0.07106642786624116,416.66673234129763,0.059603368455602476,406.6375539567854,0.14643779955809774,461.5871605702797,123.02562243171378,3567.3715192724976,0.9483274762462579
121,33043.3346925415,0.6537988739051667,7595.1524561544475,-0.9533820127573174,0.0,853.1120048874859,1570.0,2.689610973426517,0.597051353351709,113.64592736321352,0.002742894539892134,9.711283617808608,7.324865056690147,0.9750226330892756,0.0007953769282296704,0.4742166705228362,0.4378186441379999,0.9581954570432744,1.1901797852935014,0.013441922327866729,1363.2675328677956,0.012909145860905184,1293.4446731514408,0.01576143136557526,1682.9128191024859,348.7985948477752,8305.488822136062,0.943699920891653
122,26424.4384765625,0.5128220530231207,8333.038642891737,0.3208171919384022,0.0,573.5415036333147,1833.0,1.7175015621202392,0.5878072144579364,240.58861698042287,0.0009129454147934444,10.808470773204165,11.18229858380484,0.9623052619573538,0.0008424061655035345,0.8292472548361635,0.7936941340637967,0.9686144449599738,1.1402017781091562,0.0684228542627089,842.4616645075827,0.06352448298808468,814.9453536505106,0.0921722522860304,965.7990744057593,165.98071548351038,6310.732672576929,0.9575934127359506
123,10760.519894036246,0.7061504249008905,3315.2446715629358,0.6705951077504209,0.0,369.3436877737953,1108.0,2.6194418916950704,0.6442564989579727,47.43072928208546,0.002329350315923393,9.21820972681144,5.1864216849642775,0.978490906706772,0.003799315879194024,0.2215911412577921,0.5763468485922117,0.952708900029488,1.2097640110464776,0.014159979793445052,299.8454981313611,0.013581903051940757,286.7297394303954,0.016701926256381814,357.72304485396614,101.58861011549185,2080.532795599429,0.9376895505927764
124,23627.258115453693,0.4876804505437234,8106.37828834463,-0.9920252108221838,0.0,818.0756811301717,1587.0,2.5762406889846443,0.5037744198097821,185.19122742740285,0.0054755514341256395,9.200126777468537,8.305247157419974,0.963606314169825,0.0011418434126104328,0.7924422778106165,0.3149966271095027,0.9401386923826454,1.3063815610802298,0.05391495159475769,1310.8844660414634,0.04918463971409797,1214.6885056315493,0.07820384096549689,1806.2277893179853,212.81190716448032,3886.598333337572,0.9166187999689512
125,430.73272705078125,0.7693724007055056,355.94263149165715,-0.7341197379563456,33.0,817.8766140602581,1273.0,2.134692585015804,0.459977322682085,137.51905525257192,0.005496695286544936,8.786321506266567,8.042224579408245,0.9545499988151624,0.0040549466826029544,0.7934497276041503,0.12494044764341558,0.9535941891526382,1.2327180325366096,0.004929169607536961,1166.6644313911854,0.004872577164141339,1088.7029753980582,0.005196659114841186,1561.2028434319816,58.7819225251076,1155.4384892344792,0.9348857741971084
126,5194.129943847656,0.3611731487062706,4002.6974030386336,0.9999117929096542,0.0,365.0991671624033,1307.0,2.751598911972577,0.73331765737988,95.64920422626251,0.0018200261138178878,9.90299787523414,6.937334949694956,0.9703215175754434,0.0004522977177334911,0.5017328775881741,4.119836383900354,0.9565628512736708,1.1984992025348915,0.07683067740005836,393.4854883206328,0.07213981933810584,375.4731504310826,0.09973677271699534,480.18858086107656,594.9397977394408,14140.850750441894,0.9418157690019676
127,6646.222922801971,0.446230746799766,3821.2380839442762,1.2912584595295749,0.0,359.8733628358143,1446.0,5.006471470996859,0.6833115681134833,44.878646249955956,0.0029998462381349363,9.194774501243463,4.556615788093968,0.987702803914828,0.0004950058915998953,0.11773952819474365,2.242217550079274,0.9359792104183686,1.3089853888155314,0.014455704952811644,301.52366848680845,0.013597731694794729,287.32477156691954,0.018612263786338797,367.9123711709228,920.7144517455637,17330.540722381986,0.9143293343373804
128,2308.5028779941176,0.4953460286620433,1698.283311989277,-0.12681716061773876,151.0,730.4095638465581,1164.0,1.6181043677600255,0.8757839145083586,27.92381199809589,0.0074438313386427845,8.739124421574642,3.7301807070149375,0.9844396500671958,0.0020396116029441913,0.2725078586068472,0.5147262355947331,0.9140002745708932,1.6408958261172362,0.008587262039898567,624.8543166607345,0.008184746719179677,536.0579169800479,0.010764351232665321,1372.8415393215705,338.39527062532835,6612.076953495085,0.8646671247827317
129,9445.838928222656,0.39349695597992573,5477.312412990127,0.3801090340574924,0.0,614.9161923454368,1938.0,1.8079182031253465,0.8050599291282748,67.56127996058589,0.0017004929929299506,9.937889386486749,5.896696960049027,0.9894794667389852,0.0003530751187425801,0.2305655905828049,1.213808353408547,0.954635785496748,1.2055180938812475,0.007514378730749758,797.0778793633,0.007282539407400671,753.8130173666261,0.0085399316359514,998.9295611885657,878.7530258423291,25488.003531033584,0.9392919151506004
131,4199.743225740326,0.4743719921163241,2644.539411261805,0.7619016061129467,0.0,413.9606497213538,1427.0,2.605654496663004,0.6725219152721672,94.74565469843115,0.0013478850432115071,10.221919627034783,6.9887312530053,0.9750531987635224,0.0006105820899247975,0.3953502443152971,3.1133930163821133,0.9586001797495226,1.186089485008082,0.03845010277269445,437.1565021305983,0.03576922917637298,421.4406452027083,0.053182044554647465,505.9587942306849,439.94005708848715,12470.487231095556,0.9446471701466944
132,15233.230590820312,0.732827564545688,4045.4608082374434,0.8568159573470553,131.0,498.4780527383367,1121.0,2.5387695939118835,0.8462712452161113,32.00158140031278,0.003583572606866111,8.979858071070765,3.8951054506194778,0.9818452697559634,0.0010844416633983699,0.2767407503795747,3.2527160229863252,0.9176915818247124,1.4879000067554091,0.018013646870674783,342.41095788185197,0.016177848826961258,315.05851212107456,0.029219702073671968,504.5527806793992,472.6459229208925,8915.628608323092,0.8857856139803404
133,22722.88805961609,0.4376389025360691,8853.887147717562,0.17965564627570452,0.0,602.5468678387447,1332.0,1.5805339739847202,0.8170527637185692,69.29365438174655,0.002108367123303445,9.95132002074596,5.82792817714982,0.9784725268357992,0.00022528923290800155,0.4556780642261763,3.7422054751714766,0.9388203171157942,1.312236447841908,0.008361403016881753,776.1915218433121,0.00787857295496453,713.1345154113715,0.010651968463352843,1122.8389338894324,1449.267402423598,42587.40331436022,0.9152868873843444
134,6408.82889046322,0.4740785084531306,3514.1143797703544,0.011178811957082136,0.0,698.4403012927086,2535.0,1.8307403704103835,0.7358165018960343,103.79700624405905,0.0008216274775138647,10.694788177045547,7.773293030924222,0.9903874568264864,0.0003505323862745403,0.3879592779919584,1.297010762944945,0.9688399273452012,1.1351006997633166,0.012113205264719316,1010.7082661412295,0.011652140922944709,977.1789534924483,0.014341595210194482,1157.3663513218796,617.1585858243137,26025.61419157736,0.958483514246416
135,163463.37890625,0.3140075678029995,45934.152401392195,-0.32477357483708197,0.0,733.9769991531575,1712.0,1.6654015177484136,0.6935718303764176,130.1507617881218,0.0012992034823542812,10.484149344048289,8.230493167813231,0.975495435042729,0.00012648913768218342,0.6140502996261789,3.527712305778117,0.9681936379759262,1.1397821206651668,0.017582452752753053,1114.3329219425448,0.01715126219114398,1070.465416707168,0.019427470410939358,1309.5466473188294,1607.6481671909023,58222.922295467804,0.9573379832120458
136,2738.154573440552,0.4532278269063072,2082.0458915840263,0.6039699711828427,52.0,461.8518094567227,1203.0,2.6277761156085093,0.7114879238315448,49.258191954492375,0.0017342067005425561,9.63809298392022,5.277215409907456,0.9794146603080792,0.0009467088346836948,0.24937100871200205,1.934998907471701,0.9519575733238896,1.2244854328200432,0.01209120819861396,377.7492233711792,0.011514198211753902,361.28224038149455,0.014841533714884985,452.4531839438982,368.44738927533683,9403.86786278282,0.9359866161838516
137,11775.152683258057,0.38056568740697583,6563.603532716614,1.0244260549063209,0.0,375.7673169267707,1744.0,3.37565432268792,0.6307506030839286,96.58086340488123,0.0014262390461683505,10.131244690041516,7.268736446134765,0.9817423237269376,0.00024672003661232664,0.30320098641811183,5.870655085367278,0.9612744630486418,1.1738323481901378,0.050547503048252965,369.71173477498,0.0454150758586565,358.36566861202937,0.07771313455772379,419.0794483135042,1082.889855942377,28542.603842151166,0.9480884661556932
138,1328.590157032013,0.7143367782551919,814.6213609261303,-0.6628521085058475,0.0,753.8004256325372,1262.0,1.8630223827873853,0.6602141049616859,122.64279583070713,0.004773156540582206,9.237337698301886,7.329423529774353,0.9611389689082676,0.0016327091634863891,0.8285035384936188,0.3092028228461157,0.9465704975165544,1.266961667646584,0.01885491881513097,1123.4577019641688,0.018251235449748784,1039.8583740337756,0.021756401435379127,1550.054612732439,172.84015133601326,3406.4972652463466,0.9258780944758715
139,216475.73099665207,0.4706463018438205,36988.497855974514,0.00931698734864908,0.0,648.5391513832764,1604.0,1.431164561690922,0.7686965160696005,107.45233007953054,0.0020568336844213747,10.116150411123066,7.0390356880006015,0.97752471097628,0.0001400158866643676,0.5404257255132722,3.5928929732903176,0.9530842145268592,1.2202870395041845,0.01793698506468194,918.7636978996852,0.017404368354493775,862.0686911135142,0.020329172965865918,1194.7040347102193,1816.0279452906436,53279.25158988408,0.936267664570431
140,28558.135986328125,0.6121643486203445,7363.793935192312,-1.2467255518254023,0.0,856.3328139877087,1420.0,3.2556312106956846,0.4793027209602224,111.73573736990215,0.004898902396410653,9.018046524073073,6.900813414378702,0.9708674664735296,0.0005150654039145837,0.4752522990110276,0.6904376131933653,0.9497619264006972,1.23814605479873,0.006255268869992626,1333.5227710343245,0.00615800489614965,1251.2555474323324,0.00670597203051385,1726.0665817898764,582.7121094088117,9437.38321262182,0.9316727589903387
141,3852.493286132813,0.4826694718253509,2453.605978004891,-0.21889493420212047,0.0,697.0243022136668,1851.0,1.7415958283727548,0.6384007945975795,155.19475194530028,0.0010177664864447274,10.677560101133928,9.000323112401254,0.9751949966746204,0.0006854546549409737,0.5706662655115955,0.6909216451382113,0.9669544812759364,1.1477474600251187,0.029851577696831763,1023.2342520798959,0.027806152407505887,982.46506714021,0.0400282613699197,1207.6976187283144,275.00368944497916,10922.252657426445,0.9553996693072728
142,7430.237584114075,0.4285156784115973,4287.502516604458,-0.2758326333998771,1.0,747.4677590318878,1491.0,1.921836958785056,0.7057332139468872,81.77996958974815,0.00110954437981159,10.326840583348336,6.785581835404475,0.979179244014826,0.000452096596673018,0.374543914472795,1.1883017938122584,0.9645425366032224,1.1550703195095655,0.0033428747469227203,1066.9614365615982,0.003271310867036629,1023.1568201495559,0.0036479968070430384,1261.0508855178489,546.2863704619733,19649.183887210616,0.9527800615602048
144,20736.0491430974,0.5563077510799236,6526.997886353728,0.40573961050034574,0.0,566.9022588435857,1519.0,1.8059402269122895,0.6434784517879285,135.17692821470976,0.0011285014758721553,10.38127743163607,8.513033574031015,0.9680440541793784,0.0011024970229959884,0.5823043899221133,0.7871991672487615,0.9683078301800824,1.1397928540520976,0.013901322358286543,715.6992889475847,0.013450313664934635,688.1036968628238,0.01586613670003946,840.7503121688493,183.58332149453048,6203.753612613669,0.9575442315888404
145,15346.029174327849,0.42688140945468267,6984.310502973147,-0.4799843612531383,0.0,764.2575961458592,2435.0,1.6960161973985055,0.7788704726372421,86.83054015546726,0.0024785403196250595,9.876812820159444,6.315798688421764,0.9914223154181584,0.00016092905438797527,0.4154878672821691,2.4004374611763195,0.9520500590303732,1.2211288794176045,0.006402914338749332,1165.7725307403819,0.006156313485356022,1098.6524989264976,0.007487453860583157,1481.292848188631,1932.2272115624219,49657.17571600853,0.935476368469142
146,594982.177734375,0.3908013684563241,87476.65360715237,-1.2746490048512369,79.0,938.5498138731014,2035.0,3.4354584503245,0.9012838545645051,17.29706442598507,0.019708116251050973,7.593441368227578,2.4587201724049503,0.9973034002649552,6.210317128080097e-05,0.045919432405371774,3.5613295475947666,0.8533990104741386,2.0172457816553075,0.0018016746150162056,1268.8500129193742,0.0016350282914139838,1042.577645976314,0.002796656435991173,2893.8122512042164,19569.40186791637,131225.06800476075,0.7942310248995862
