,ID,volume (voxel counting),Sphericity,Surface area (mesh),Skewness,Minimum Intensity,Mean,Maximum Intensity,Kurtosis,Correlat,Contrast,AngScMom,Entropy,GLCM difference average,InvDfMom,NGTDM coarseness,NGTDM contrast,NGTDM busyness,ShrtREmp,LngREmph,GLRLM Low Gray Level Run Emphasis,GLRLM High Gray Level Run Emphasis,GLRLM Short Run Low Gray Level Emphasis,GLRLM Short Run High Gray Level Emphasis,GLRLM Long Run Low Gray Level Emphasis,GLRLM Long Run High Gray Level Emphasis,GlevNonU,RLNonUni,GLRLM Run Percentage
0,R01-001,0,0,0,-0.49964804,0,817.57143,0,-1.1008414,2.3378538914,2.2419874536,1.4184305776,2.4769914144,0,3.2505788916,0,0,0,69.933404,9.6505283,0,0,0,0,0,0,2.37484145,0.85576653,0
0,R01-002,0,0,0,-1.8903482,0,33717.456,0,2.8089381,0.4062285586,0.4126305998,0.45674899,0.4424138,0,0.4280563096,0,0,0,35.425877,55.44386,0,0,0,0,0,0,7.25833335,0.57078185,0
0,R01-003,0,0,0,-2.3454915,0,33806.521,0,6.6448847,0.416953239,0.410308952,0.443176442,0.414836360714,0,0.405770292,0,0,0,21.038248,34.3094015,0,0,0,0,0,0,9.8597222,0.552493605,0
0,R01-004,0,0,0,-2.3981132,0,33796.037,0,7.2155609,0.478758998,0.468697096,0.480364056,0.4252236928,0,0.438280032,0,0,0,10.380435,23.5833335,0,0,0,0,0,0,12.5498185,0.43957244,0
0,R01-005,0,0,0,-1.4485474,0,956.51366,0,1.6371415,1.057582898,0.890172732,0.870723494,1.1064246636,0,0.89891558,0,0,0,96.9053525,36.3837655,0,0,0,0,0,0,4.50796125,0.696095115,0
0,R01-006,0,0,0,-1.0441332,0,33646.723,0,0.37479347,0.497136428,0.505449688,0.52144843,0.485827466,0,0.47991414,0,0,0,8.5049342,33.4498355,0,0,0,0,0,0,29.441612,0.291510025,0
0,R01-008,0,0,0,0.11664597,0,634.74263,0,-1.2032938,1.7193063524,1.2544397714,1.1860586084,2.0293346388,0,1.478485965,0,0,0,234.853875,28.4783935,0,0,0,0,0,0,2.2847016,0.812944395,0
0,R01-010,0,0,0,-3.8046837,0,33766.109,0,17.704908,0.4915374,0.503510238,0.5134061,0.467844976,0,0.484575248,0,0,0,23.559524,70.014881,0,0,0,0,0,0,35.692956,0.364297515,0
0,R01-011,0,0,0,-0.8890074,0,33705.099,0,-0.1035038,0.519215202,0.530072186,0.534558688,0.50894899,0,0.519177218,0,0,0,16.8338795,94.9459015,0,0,0,0,0,0,58.7301455,0.198719655,0
0,R01-012,0,0,0,0.37759745,0,476.51685,0,-0.5451309,2.4956268168,1.6020776994,1.727633628,3.4323708068,0,2.1093913122,0,0,0,51.997443,7.2259361,0,0,0,0,0,0,1.66319635,0.86443937,0
0,R01-013,0,0,0,-2.101205,0,1016.9736,0,5.1169973,0.895186386,0.84950371,0.81230092,0.98021946,0,0.909956244,0,0,0,95.125441,44.32432,0,0,0,0,0,0,4.30703575,0.700961815,0
0,R01-014,0,0,0,0.74987184,0,33136.495,0,1.4528677,0.4,0.4,0.4,0.4,0,0.4,0,0,0,4.8368421,19.5,0,0,0,0,0,0,301.88816,0.00434500435,0
0,R01-015,0,0,0,-2.8648468,0,33822.211,0,11.602924,0.44943823,0.468987368,0.504168908,0.438330602,0,0.474469774,0,0,0,56.345106,156.085895,0,0,0,0,0,0,132.26902,0.40758543,0
0,R01-016,0,0,0,-1.2952571,0,33716.934,0,0.84148599,0.503621822,0.514305266,0.521793462,0.480204372,0,0.48584231,0,0,0,6.84444445,25.0444445,0,0,0,0,0,0,23.066667,0.26741172,0
0,R01-017,0,0,0,0.73740496,0,33168.704,0,0.057361265,0.4,0.4,0.4,0.4,0,0.4,0,0,0,3.05,15,0,0,0,0,0,0,134.575,0.0209587595,0
0,R01-018,0,0,0,-0.25969935,0,33469.197,0,-1.3573628,0.533815108,0.5514254872,0.5521212218,0.5317042534,0,0.540915634,0,0,0,6.42718335,53.4943895,0,0,0,0,0,0,200.065815,0.16944155,0
0,R01-019,0,0,0,0.68212224,0,33259.428,0,-0.38354648,0.4,0.4,0.4,0.4,0,0.4,0,0,0,4.89478115,49,0,0,0,0,0,0,148.89983,0.027815654,0
0,R01-020,0,0,0,0.068453507,0,33656.806,0,-0.85301748,0.487260414,0.474072988,0.5388671482,0.502491844,0,0.470577148,0,0,0,4.40860215,15.001792,0,0,0,0,0,0,27.6827955,0.21843963,0
0,R01-021,0,0,0,-0.091123955,0,654.65039,0,-1.6815617,1.70936977,1.3811394674,1.2595991364,2.401315388,0,1.925914209,0,0,0,210.688785,32.0035415,0,0,0,0,0,0,3.8514432,0.748999855,0
0,R01-022,0,0,0,1.1240897,0,33219.221,0,0.84994421,0.4018182206,0.4522307312,0.452220962,0.4018221658,0,0.4522503734,0,0,0,2.3306288,26.075051,0,0,0,0,0,0,263.766225,0.1139667715,0
0,R01-023,0,0,0,1.9652338,0,33169.835,0,4.4175141,0.5459365244,0.5331960626,0.5331362114,0.4808017682,0,0.4834133192,0,0,0,4.1645022,62.0703465,0,0,0,0,0,0,598.11472,0.087452486,0
0,R01-024,0,0,0,0.36880857,0,33232.532,0,-1.1664382,0.5304215692,0.5397552092,0.5572729466,0.5301420696,0,0.5350510674,0,0,0,3.5346216,32.890499,0,0,0,0,0,0,164.495975,0.110736197,0
0,R01-025,0,0,0,0.27811431,0,33348.013,0,-1.496848,0.5352197632,0.5517731608,0.540164936,0.512760696,0,0.537564323,0,0,0,15.5212035,119.822375,0,0,0,0,0,0,254.486885,0.21361754,0
0,R01-026,0,0,0,-1.1537001,0,33662.573,0,0.23979177,0.520273784,0.524879482,0.533868268,0.502974056,0,0.509680514,0,0,0,9.3501605,39.5572915,0,0,0,0,0,0,43.263822,0.18759328,0
0,R01-027,0,0,0,-2.441626,0,33816.491,0,13.478103,0.4035993412,0.4083828828,0.451934554,0.4145862573,0,0.4284373604,0,0,0,145.042065,250.755485,0,0,0,0,0,0,12.26582405,0.53120832,0
0,R01-028,0,0,0,-2.2930416,0,33732.417,0,4.7450525,0.443286584,0.461256084,0.484398416,0.445319562,0,0.449798892,0,0,0,79.86661,184.26755,0,0,0,0,0,0,16.559374,0.444037405,0
0,R01-029,0,0,0,-0.2952729,0,33438.193,0,-1.4766857,0.464069722,0.48732982,0.470843776,0.438243558,0,0.46786917,0,0,0,78.544475,198.093065,0,0,0,0,0,0,34.878861,0.43443653,0
0,R01-030,0,0,0,-0.70455767,0,33586.275,0,-0.65847132,0.458677524,0.476514242,0.501223522,0.473292474,0,0.466253896,0,0,0,26.812366,70.766398,0,0,0,0,0,0,18.444086,0.41351645,0
0,R01-031,0,0,0,0.44691377,0,33233.919,0,-0.81482917,0.4152464584,0.414119505,0.46587828,0.431844852,0,0.4150149228,0,0,0,5.01339285,17.0669645,0,0,0,0,0,0,40.8348215,0.35242471,0
0,R01-032,0,0,0,-0.58228335,0,33562.818,0,-0.94546324,0.469384496,0.488598272,0.509764444,0.472026748,0,0.479453192,0,0,0,36.7068795,100.300166,0,0,0,0,0,0,28.979588,0.38750507,0
0,R01-033,0,0,0,-0.35099328,0,33515.833,0,-1.0358315,0.50454953,0.495430458,0.51571781,0.474853258,0,0.471054024,0,0,0,14.8563965,50.734196,0,0,0,0,0,0,20.915132,0.309107435,0
0,R01-034,0,0,0,-1.5729763,0,33699.173,0,1.6968653,0.439768504,0.456092174,0.477019536,0.451320822,0,0.443683964,0,0,0,98.6546705,187.70668,0,0,0,0,0,0,11.979393,0.507224255,0
0,R01-035,0,0,0,-1.3623155,0,33711.797,0,1.13866,0.461539942,0.472005642,0.504468232,0.469241926,0,0.47405616,0,0,0,36.789608,90.420785,0,0,0,0,0,0,19.348137,0.43058094,0
0,R01-036,0,0,0,-3.0420438,0,33795.979,0,10.603522,0.465149946,0.478889284,0.487252888,0.437657022,0,0.470363894,0,0,0,85.541245,224.655005,0,0,0,0,0,0,37.019616,0.430316735,0
0,R01-037,0,0,0,0.090433761,0,33385.07,0,-1.29064,0.486579864,0.502541426,0.521887434,0.498911826,0,0.495045222,0,0,0,35.8720495,127.44552,0,0,0,0,0,0,53.908095,0.35377216,0
0,R01-038,0,0,0,-0.3518801,0,33440.929,0,-0.55648083,0.4,0.4,0.4,0.4,0,0.4,0,0,0,2.3333333,6,0,0,0,0,0,0,23.666667,0.061342593,0
0,R01-039,0,0,0,0.0010098346,0,33404.526,0,-1.6143393,0.497038786,0.52009535,0.520063878,0.490032952,0,0.488330254,0,0,0,9.07280705,52.945614,0,0,0,0,0,0,81.650548,0.255661185,0
0,R01-040,0,0,0,-1.5052099,0,33692.7,0,1.4968203,0.4308123606,0.481186844,0.462856004,0.4350192476,0,0.476627588,0,0,0,71.4314565,153.192555,0,0,0,0,0,0,13.318407,0.4617914,0
0,R01-041,0,0,0,0.44922523,0,33358.451,0,-0.87165638,0.50375084,0.519842932,0.5298285988,0.498450882,0,0.509467886,0,0,0,7.33516485,40.631258,0,0,0,0,0,0,83.904151,0.246807945,0
0,R01-042,0,0,0,-0.18150088,0,33669.762,0,1.7565313,0.477041448,0.47497811,0.505980182,0.475742042,0,0.46614727,0,0,0,202.96173,434.03102,0,0,0,0,0,0,20.5859935,0.451928,0
0,R01-043,0,0,0,0.64274396,0,33297.75,0,-0.89069304,0.3893210978,0.476341996,0.477175732,0.3946494626,0,0.4980629606,0,0,0,3.05050505,6.8080808,0,0,0,0,0,0,18.1515155,0.35532055,0
0,R01-044,0,0,0,0.64766177,0,33260.009,0,-0.8635941,0.401721702,0.40170872676,0.40169201366,0.40171700486,0,0.40171935746,0,0,0,2.6395664,28.5528455,0,0,0,0,0,0,262.27552,0.1012377005,0
0,R01-045,0,0,0,1.0322387,0,33168.816,0,1.3775894,0.4013075828,0.4288163384,0.4558764308,0.4012373438,0,0.4012850794,0,0,0,3.3525641,26.7564105,0,0,0,0,0,0,167.94017,0.17017295,0
0,R01-046,0,0,0,-1.0623125,0,33638.214,0,0.058646697,0.45172037,0.448266042,0.501164776,0.462007596,0,0.4302398392,0,0,0,61.5726365,129.9036235,0,0,0,0,0,0,15.7432952,0.427654685,0
0,R01-047,0,0,0,0.62549356,0,33305.549,0,-0.78764206,0.4280131896,0.471787494,0.512750288,0.440902322,0,0.498984578,0,0,0,7.62,23.6788235,0,0,0,0,0,0,27.204706,0.28976022,0
0,R01-048,0,0,0,-0.89570528,0,827.20739,0,-0.68921997,3.1204522404,2.0834644298,1.933139599,4.2148337518,0,2.86891962,0,0,0,233.714785,31.208811,0,0,0,0,0,0,2.78171295,0.8358291,0
0,R01-049,0,0,0,0.24459766,0,565.19298,0,-0.52358352,1.1632598424,1.1231062806,1.0543761442,1.6610627698,0,1.5459230488,0,0,0,118.01325,22.893928,0,0,0,0,0,0,1.97281325,0.83588651,0
0,R01-050,0,0,0,0.23933857,0,33335.905,0,-1.3537938,0.44404028,0.461482808,0.496907594,0.46450521,0,0.4287264082,0,0,0,15.980655,47.380952,0,0,0,0,0,0,45.544643,0.403392255,0
0,R01-051,0,0,0,-0.91090321,0,33788.216,0,2.6709321,0.4333174378,0.4150039406,0.444458128,0.41981762082,0,0.41594665,0,0,0,127.6229495,192.792465,0,0,0,0,0,0,6.47581305,0.57416581,0
0,R01-052,0,0,0,-1.7480655,0,33708.36,0,2.1785718,0.518842166,0.530182716,0.532446728,0.51030524,0,0.52379574,0,0,0,19.114318,89.707103,0,0,0,0,0,0,71.952402,0.264605835,0
0,R01-053,0,0,0,0.071007848,0,33438.503,0,-1.3786887,0.5263496916,0.5447532454,0.5491973074,0.502820787,0,0.5309006412,0,0,0,3.6348707,35.4577215,0,0,0,0,0,0,188.110235,0.096202118,0
0,R01-054,0,0,0,-3.2333289,0,33797.634,0,11.70142,0.448321304,0.457689318,0.467024366,0.443648092,0,0.448459984,0,0,0,319.95445,694.18244,0,0,0,0,0,0,29.7759335,0.485373435,0
0,R01-055,0,0,0,-0.06981072,0,33457.056,0,-1.5696127,0.44327145,0.483635488,0.493216864,0.442914722,0,0.472656586,0,0,0,10.0261628,25.0658915,0,0,0,0,0,0,10.22577535,0.34279117,0
0,R01-056,0,0,0,-1.0638218,0,33627.096,0,-0.22920176,0.480213138,0.492794774,0.498759676,0.46871556,0,0.477514186,0,0,0,72.3089885,200.850855,0,0,0,0,0,0,24.8730885,0.406082995,0
0,R01-057,0,0,0,1.2031104,0,33112.883,0,1.1318534,0.4,0.4,0.4,0.4,0,0.4,0,0,0,2.1835749,20.5,0,0,0,0,0,0,225.774155,0.0105534553,0
0,R01-058,0,0,0,-0.45546579,0,33485.717,0,-1.0704782,0.490426564,0.5193105636,0.5272729994,0.47775513,0,0.5110664182,0,0,0,5.14361,40.2061925,0,0,0,0,0,0,132.222335,0.176369775,0
0,R01-059,0,0,0,-0.48009359,0,33205.382,0,-0.30113813,0.4,0.4,0.4,0.4,0,0.4,0,0,0,3.3015873,8,0,0,0,0,0,0,51.126984,0.02407431,0
0,R01-060,0,0,0,-0.21226087,0,33388.805,0,0.56531236,0.451246716,0.4514959752,0.5023782296,0.4508867602,0,0.4512856802,0,0,0,2.22727275,16.609091,0,0,0,0,0,0,48.2704545,0.15183023,0
0,R01-061,0,0,0,0.92644926,0,33186.591,0,0.79041943,0.4,0.4,0.4,0.4,0,0.4,0,0,0,3.05982905,15.5,0,0,0,0,0,0,98.6987185,0.024995694,0
0,R01-062,0,0,0,-0.46928388,0,33426.778,0,-0.83380016,0.43015594,0.382536954,0.45063909,0.3921037986,0,0.38209148,0,0,0,4.09663865,9.1134454,0,0,0,0,0,0,14.8172265,0.509769405,0
0,R01-063,0,0,0,-0.48572856,0,33513.292,0,-1.0206425,0.46946793,0.493055012,0.513656426,0.462461672,0,0.480234448,0,0,0,7.0051163,25.5381395,0,0,0,0,0,0,27.4481395,0.25036923,0
0,R01-064,0,0,0,-1.1905627,0,33719.524,0,0.555872,0.454472678,0.47987115,0.46640238,0.421143987,0,0.43631291,0,0,0,8.70982145,17.8285715,0,0,0,0,0,0,9.58482145,0.47740388,0
0,R01-065,0,0,0,-0.63609505,0,33821.668,0,2.7899153,0.43282669,0.440979396,0.44435004,0.4035640158,0,0.397046806,0,0,0,381.824545,760.0614,0,0,0,0,0,0,9.21918065,0.46002405,0
0,R01-066,0,0,0,-0.036756699,0,33459.924,0,-1.5519676,0.51265551,0.51742926,0.5291887486,0.489208432,0,0.497077924,0,0,0,12.413952,68.9059915,0,0,0,0,0,0,106.372415,0.238057945,0
0,R01-067,0,0,0,-2.2432569,0,33756.06,0,6.1579446,0.455040596,0.450821708,0.451597848,0.4088628202,0,0.41796649,0,0,0,36.662056,66.643632,0,0,0,0,0,0,7.8264363,0.498939765,0
0,R01-068,0,0,0,-1.4458809,0,33835.076,0,3.1823793,0.433302524,0.46004649,0.45334234,0.391353566,0,0.4196004804,0,0,0,9.0329598,19.561635,0,0,0,0,0,0,16.969018,0.47252617,0
0,R01-069,0,0,0,-1.407999,0,33696.332,0,3.4541362,0.425221883,0.449632146,0.472840208,0.445670306,0,0.452900776,0,0,0,270.1949,500.531935,0,0,0,0,0,0,14.1952025,0.509415955,0
0,R01-070,0,0,0,1.6791755,0,33331.81,0,2.6726169,0.459315598,0.4496673,0.5091393128,0.472682592,0,0.445772432,0,0,0,3.13186815,9.4780222,0,0,0,0,0,0,13.32967,0.315038325,0
0,R01-071,0,0,0,-0.17656817,0,33438,0,-1.4721437,0.50072929,0.500369978,0.51015995,0.46381715,0,0.478313842,0,0,0,13.8382865,47.9609105,0,0,0,0,0,0,18.4444445,0.26854089,0
0,R01-072,0,0,0,-1.5875541,0,33752.085,0,2.581359,0.45644804,0.451502206,0.494424626,0.452516338,0,0.453587482,0,0,0,19.5384265,36.1109855,0,0,0,0,0,0,17.058431,0.53029705,0
0,R01-073,0,0,0,-0.19873657,0,33459.818,0,-1.2503271,0.491948548,0.519885558,0.507630408,0.462871044,0,0.501903536,0,0,0,6.88358085,29.0004015,0,0,0,0,0,0,25.489763,0.26861106,0
0,R01-074,0,0,0,0.67003206,0,33328.303,0,-0.56977584,0.476831174,0.467332246,0.50015445,0.458596522,0,0.465958428,0,0,0,11.5715688,43.45719,0,0,0,0,0,0,53.239216,0.34877922,0
0,R01-075,0,0,0,-0.16958531,0,673.94521,0,-1.4428291,2.3930948726,2.285399357,2.7919021538,7.6098245478,0,6.0854601154,0,0,0,103.038575,8.01968265,0,0,0,0,0,0,1.4708091,0.914832985,0
0,R01-076,0,0,0,-0.013507085,0,646.46204,0,-1.4588675,1.5534744938,1.1453613354,1.2730542284,2.4114291232,0,1.737594795,0,0,0,326.329915,39.6973645,0,0,0,0,0,0,4.47294635,0.776009315,0
0,R01-077,0,0,0,0.053261719,0,33362.075,0,-1.3940425,0.48845827,0.490545236,0.481113774,0.4263105412,0,0.440914442,0,0,0,34.103101,123.566665,0,0,0,0,0,0,33.8383725,0.335258205,0
0,R01-078,0,0,0,-0.65971715,0,33603.57,0,-1.0485017,0.544196458,0.5460664082,0.5511010418,0.538428162,0,0.540050558,0,0,0,9.84844765,75.7754165,0,0,0,0,0,0,158.628145,0.1969944,0
0,R01-079,0,0,0,-0.1146174,0,33518.679,0,-0.89134864,0.478150664,0.509313446,0.511867402,0.461152948,0,0.502332218,0,0,0,20.8206605,99.080661,0,0,0,0,0,0,36.747131,0.228028885,0
0,R01-080,0,0,0,0.67847869,0,33401.444,0,1.2625248,0.4320074882,0.5152140996,0.4564800486,0.3981020494,0,0.432223061,0,0,0,3.29761905,14.761905,0,0,0,0,0,0,54.497024,0.288124125,0
0,R01-081,0,0,0,1.0435558,0,33221.021,0,1.0164779,0.40117833326,0.40112850978,0.4015820915,0.40164263502,0,0.4011433435,0,0,0,1.879257,16.111455,0,0,0,0,0,0,127.9257,0.0685448945,0
0,R01-082,0,0,0,-0.45878267,0,33546.622,0,-0.92499668,0.453666986,0.463698922,0.496353788,0.459499204,0,0.470924972,0,0,0,25.3767795,60.5857655,0,0,0,0,0,0,16.771639,0.440462005,0
0,R01-083,0,0,0,0.17882173,0,33309.276,0,-1.4976814,0.4,0.4,0.4,0.4,0,0.4,0,0,0,2.7111111,12,0,0,0,0,0,0,90.133335,0.02470655,0
0,R01-084,0,0,0,-1.3376301,0,33635.792,0,0.79331957,0.456244152,0.466928752,0.482590992,0.444977194,0,0.47050159,0,0,0,54.5948995,129.047365,0,0,0,0,0,0,16.058374,0.41797305,0
0,R01-085,0,0,0,0.31205999,0,33293.441,0,-1.4175096,0.4351416202,0.5027560434,0.5027617488,0.435109744,0,0.5027449874,0,0,0,2.3240741,20.2083335,0,0,0,0,0,0,125.724535,0.0641673515,0
0,R01-086,0,0,0,0.59717475,0,33034.396,0,0.011958665,0.4,0.4,0.4,0.4,0,0.4,0,0,0,2.25,8,0,0,0,0,0,0,37.5,0.0318121105,0
0,R01-087,0,0,0,1.3961513,0,33125.193,0,3.3097091,0.401719547,0.4014279142,0.4015160456,0.401719547,0,0.4012978452,0,0,0,2.82857145,14.4571425,0,0,0,0,0,0,65.9142855,0.203464315,0
0,R01-088,0,0,0,0.40462568,0,33349.921,0,-1.0507661,0.500407286,0.515190886,0.523272858,0.487108466,0,0.503912556,0,0,0,23.2857145,112.602465,0,0,0,0,0,0,74.5146715,0.28829022,0
0,R01-089,0,0,0,-3.2197359,0,1062.3479,0,22.512503,0.586686066,0.595571918,0.594071426,0.587456946,0,0.592973334,0,0,0,644.764915,728.6457,0,0,0,0,0,0,12.4450005,0.54359391,0
0,R01-090,0,0,0,-2.2788052,0,33838.194,0,12.151617,0.39551105,0.381544576,0.470403188,0.441225376,0,0.392024024,0,0,0,718.508145,1003.773585,0,0,0,0,0,0,15.96917505,0.573178755,0
0,R01-091,0,0,0,0.39283036,0,585.8722,0,-1.4075646,2.6001177532,1.8960209278,1.9431774642,4.3942401684,0,3.3307153328,0,0,0,172.0749,19.161184,0,0,0,0,0,0,2.14946815,0.86032091,0
0,R01-092,0,0,0,0.39615609,0,33288.329,0,-1.2267506,0.502133804,0.513097814,0.53008468,0.49399579,0,0.506171812,0,0,0,27.2593815,106.3234085,0,0,0,0,0,0,115.7417885,0.32758395,0
0,R01-093,0,0,0,-0.037168221,0,33370.2,0,-1.520898,0.477206074,0.511261726,0.494729498,0.463923818,0,0.492210272,0,0,0,17.598577,70.2371275,0,0,0,0,0,0,44.3115685,0.32545459,0
0,R01-094,0,0,0,-0.528041,0,33514.566,0,-1.3311827,0.47256638,0.46990891,0.497809308,0.456713806,0,0.451515292,0,0,0,23.5272415,60.071995,0,0,0,0,0,0,19.1250935,0.388390055,0
0,R01-095,0,0,0,0.49787592,0,33301.066,0,-0.53160043,0.451522776,0.465349784,0.4898139894,0.437201036,0,0.462110626,0,0,0,7.27448105,36.589011,0,0,0,0,0,0,77.3716725,0.276134665,0
0,R01-096,0,0,0,-0.28288252,0,33496.756,0,-1.411388,0.45589651,0.470887486,0.5104025,0.475898876,0,0.473438596,0,0,0,39.8071875,106.5357415,0,0,0,0,0,0,25.837242,0.386552165,0
0,R01-097,0,0,0,0.0590256,0,33396.663,0,-1.4013315,0.47430115,0.502591718,0.497902498,0.445333272,0,0.48219273,0,0,0,29.136185,91.9279855,0,0,0,0,0,0,28.5882355,0.34729692,0
0,R01-098,0,0,0,-0.8784231,0,824.55684,0,-0.68466678,1.9439042892,1.5430580764,1.2631001662,2.2078394922,0,1.9353252314,0,0,0,826.007695,129.70284,0,0,0,0,0,0,3.375677,0.77938605,0
0,R01-099,0,0,0,-1.8170187,0,940.23542,0,2.1288194,1.032330952,0.873438006,0.859856674,1.324341134,0,1.054636828,0,0,0,571.439695,111.67243,0,0,0,0,0,0,31.3130045,0.706432405,0
0,R01-100,0,0,0,0.59158669,0,33290.044,0,0.041505204,0.5048469256,0.525419768,0.515173708,0.4892224252,0,0.5048263754,0,0,0,6.64970985,63.703914,0,0,0,0,0,0,269.368935,0.239070845,0
0,R01-101,0,0,0,-0.12673106,0,713.87042,0,-1.1933544,2.0476334204,1.7745506852,1.2011027632,2.1544296242,0,2.0968738454,0,0,0,366.4757,41.974956,0,0,0,0,0,0,2.70333055,0.809048745,0
0,R01-102,0,0,0,-1.7895876,0,33762.229,0,3.4179041,0.4281791228,0.4262053634,0.483062994,0.439948246,0,0.4320807412,0,0,0,141.319116,234.567085,0,0,0,0,0,0,12.24002155,0.512503285,0
0,R01-103,0,0,0,-0.69023174,0,33707.072,0,3.8061633,0.470581382,0.472292632,0.494810646,0.46675304,0,0.476027788,0,0,0,236.62025,476.667375,0,0,0,0,0,0,19.7890995,0.489915945,0
0,R01-104,0,0,0,0.16621398,0,33357.974,0,-1.1218659,0.474995556,0.473509198,0.487152842,0.448133686,0,0.474526224,0,0,0,36.556225,116.22937,0,0,0,0,0,0,72.3432785,0.3943981,0
0,R01-105,0,0,0,-0.49474052,0,33598.018,0,-0.83541845,0.510060674,0.519683572,0.530759604,0.502426572,0,0.509647392,0,0,0,18.0009615,88.2117345,0,0,0,0,0,0,45.612744,0.246689915,0
0,R01-106,0,0,0,-0.14843979,0,713.03458,0,-1.3408785,4.1674437798,2.9754430406,2.5278990026,5.0414874924,0,3.8501292448,0,0,0,592.79717,48.554318,0,0,0,0,0,0,1.9356073,0.87264793,0
0,R01-107,0,0,0,-0.30486543,0,33539.011,0,-0.99763917,0.48038432,0.482307048,0.5108767,0.487133414,0,0.478197548,0,0,0,108.873808,258.35422,0,0,0,0,0,0,51.85997,0.449499095,0
0,R01-108,0,0,0,-0.31399125,0,33471.331,0,-1.3137452,0.3930385324,0.3935952758,0.4857283522,0.392587179,0,0.393460638,0,0,0,3.96666665,16.4333335,0,0,0,0,0,0,41.5166665,0.24492081,0
0,R01-109,0,0,0,0.07129632,0,33321.613,0,-1.2453065,0.4,0.4,0.4,0.4,0,0.4,0,0,0,2.91570885,28,0,0,0,0,0,0,443.71775,0.0221106865,0
0,R01-110,0,0,0,-0.2705272,0,33497.731,0,-1.311001,0.44777259,0.502072898,0.501424322,0.468690944,0,0.482736044,0,0,0,6.9053846,27.5576925,0,0,0,0,0,0,47.2565385,0.325557685,0
0,R01-111,0,0,0,-1.056554,0,33612.455,0,-0.47799586,0.477958792,0.482017002,0.48967641,0.44722465,0,0.453556306,0,0,0,24.184025,65.932534,0,0,0,0,0,0,14.6151875,0.38317901,0
0,R01-112,0,0,0,-2.3030512,0,33728.308,0,4.3693537,0.447181336,0.452528922,0.474734922,0.44837015,0,0.430239692,0,0,0,333.621635,666.40937,0,0,0,0,0,0,15.3897735,0.49083421,0
0,R01-113,0,0,0,0.91491351,0,33221.516,0,-0.093592305,0.504237138,0.5249197396,0.514001745,0.47888433,0,0.50429543,0,0,0,11.7500359,64.2721545,0,0,0,0,0,0,119.403475,0.261260525,0
0,R01-114,0,0,0,-1.2647048,0,33621.878,0,0.10070262,0.477455544,0.489784514,0.495963392,0.463077896,0,0.48276687,0,0,0,172.35412,438.090725,0,0,0,0,0,0,28.9458415,0.413749775,0
0,R01-115,0,0,0,-1.3937519,0,33668.095,0,0.7011882,0.45263806,0.480064426,0.479414976,0.437686336,0,0.443393954,0,0,0,15.2530685,30.397136,0,0,0,0,0,0,11.6168905,0.393939215,0
0,R01-116,0,0,0,0.13997991,0,33347.634,0,-1.5103058,0.481256114,0.509276416,0.492869278,0.461901382,0,0.472222162,0,0,0,5.48066875,17.45977,0,0,0,0,0,0,20.323929,0.2966782,0
0,R01-117,0,0,0,0.66533651,0,33009.444,0,-0.28138978,0.4,0.4,0.4,0.4,0,0.4,0,0,0,6,6,0,0,0,0,0,0,36,0.027777778,0
0,R01-118,0,0,0,-0.72125679,0,33519.051,0,-1.1342208,0.48246669,0.481664244,0.485085184,0.455283984,0,0.46519901,0,0,0,136.81708,306.261175,0,0,0,0,0,0,30.711771,0.44170017,0
0,R01-119,0,0,0,-0.73391438,0,33550.258,0,-0.86964461,0.469852638,0.488388534,0.490544304,0.460696234,0,0.481573298,0,0,0,95.0350365,245.581105,0,0,0,0,0,0,24.465082,0.40594536,0
0,R01-120,0,0,0,0.48397139,0,33214.543,0,-0.26580506,0.4451269,0.4681039616,0.4680660668,0.398920735,0,0.427163807,0,0,0,3.88494205,23.558301,0,0,0,0,0,0,68.4146715,0.26934699,0
0,R01-121,0,0,0,-1.6199362,0,33725.518,0,2.007863,0.4344926944,0.440863322,0.48592924,0.436342906,0,0.435110708,0,0,0,75.871374,146.530175,0,0,0,0,0,0,13.16044635,0.460730185,0
0,R01-122,0,0,0,0.5169181,0,33298.622,0,-1.1465769,0.484497178,0.5111637,0.50992648,0.453472232,0,0.478223024,0,0,0,8.07252745,36.29011,0,0,0,0,0,0,36.303846,0.229933865,0
0,R01-123,0,0,0,0.19942266,0,33210.202,0,-1.2114388,0.4,0.4,0.4,0.4,0,0.4,0,0,0,5.0175439,20,0,0,0,0,0,0,290.929825,0.00459000625,0
0,R01-124,0,0,0,-1.1655024,0,33621.125,0,-0.051934519,0.461900488,0.46702059,0.479997646,0.430745257,0,0.437209108,0,0,0,21.9979295,45.8447205,0,0,0,0,0,0,11.9953415,0.472351425,0
0,R01-125,0,0,0,-1.375512,0,33678.297,0,0.5928443,0.455524492,0.484435526,0.488163758,0.434359226,0,0.46588985,0,0,0,16.141217,35.1898965,0,0,0,0,0,0,16.5954075,0.41027814,0
0,R01-126,0,0,0,0.81539717,0,33157.623,0,-0.69660924,0.461288814,0.482993874,0.5245909234,0.468098068,0,0.475569382,0,0,0,5.0558867,31.987705,0,0,0,0,0,0,77.433122,0.19043621,0
0,R01-127,0,0,0,0.26682932,0,271.45294,0,-0.70484602,1.5844370614,1.2471430192,0.99299388,1.5239839628,0,1.1574935062,0,0,0,80.418941,15.660816,0,0,0,0,0,0,2.4150335,0.81826029,0
0,R01-128,0,0,0,0.88342189,0,33220.743,0,0.84208806,0.4,0.4,0.4,0.4,0,0.4,0,0,0,3.24675325,21.5,0,0,0,0,0,0,320.38961,0.0041991262,0
0,R01-129,0,0,0,-0.49296791,0,33546.722,0,-1.2036533,0.48172804,0.503076298,0.476033346,0.4803614,0,0.484578866,0,0,0,71.5008035,152.30986,0,0,0,0,0,0,32.8272935,0.479756915,0
0,R01-131,0,0,0,0.80494942,0,33183.602,0,-0.380047,0.443324995,0.489733429,0.47592078,0.4148289596,0,0.471125118,0,0,0,7.40141795,53.4784255,0,0,0,0,0,0,169.998655,0.23686816,0
0,R01-132,0,0,0,0.85447904,0,33285.758,0,-0.34851004,0.5453017528,0.5453152606,0.5621268226,0.5226466628,0,0.534009957,0,0,0,3.8539216,41.127451,0,0,0,0,0,0,623.785295,0.0379773785,0
0,R01-133,0,0,0,1.4558501,0,314.38017,0,2.4303633,2.127368534,1.6109955972,1.2214802158,2.2313451548,0,1.906063232,0,0,0,51.5142855,10.04047635,0,0,0,0,0,0,2.5980159,0.7960032,0
0,R01-134,0,0,0,-0.0081080695,0,33426.604,0,-0.81496011,0.462254518,0.45310953,0.50437834,0.462433306,0,0.436200814,0,0,0,9.83423405,22.091892,0,0,0,0,0,0,30.658258,0.41196604,0
0,R01-135,0,0,0,-0.14819193,0,33458.032,0,-1.3558266,0.486068372,0.515066332,0.506924448,0.473987908,0,0.502551102,0,0,0,30.613587,111.46897,0,0,0,0,0,0,38.5292915,0.34181482,0
0,R01-136,0,0,0,0.22467769,0,531.78873,0,-0.94342066,1.6474373108,1.4529729924,1.1010327814,1.7810285452,0,1.7577360258,0,0,0,534.96506,63.264703,0,0,0,0,0,0,2.4405609,0.802908475,0
0,R01-137,0,0,0,0.98618507,0,329.62518,0,0.8283847,3.5932134048,2.764762783,1.9172435044,3.89844197172,0,3.2694602406,0,0,0,765.348585,95.2727345,0,0,0,0,0,0,1.92015995,0.85772709,0
0,R01-138,0,0,0,-1.4241713,0,867.29477,0,0.60814365,3.051046161,2.9158018274,2.1140014336,3.9745406566,0,4.5819558666,0,0,0,150.751435,30.019354,0,0,0,0,0,0,3.1199333,0.801299,0
0,R01-139,0,0,0,-0.78567513,0,33594.93,0,-0.92426245,0.494359996,0.497486356,0.513298468,0.492671632,0,0.491254586,0,0,0,112.44334,279.28763,0,0,0,0,0,0,43.797298,0.43904045,0
0,R01-140,0,0,0,-2.0189752,0,33704.875,0,3.369071,0.4069866534,0.4208314098,0.457861164,0.4236076912,0,0.437243264,0,0,0,136.080201,214.899645,0,0,0,0,0,0,7.5118594,0.54459,0
0,R01-141,0,0,0,-0.25932057,0,33521.232,0,-1.19596,0.475620368,0.49202863,0.515127498,0.478422578,0,0.477522996,0,0,0,9.44285715,29.2146255,0,0,0,0,0,0,21.8411565,0.336745635,0
0,R01-142,0,0,0,-0.4359581,0,773.46495,0,-0.75071967,2.71802714904,2.28327672686,1.75391448056,2.73776921634,0,2.33086270458,0,0,0,1033.10821,93.37469,0,0,0,0,0,0,1.6496679,0.88161542,0
0,R01-144,0,0,0,0.36830467,0,33328.185,0,-1.1925684,0.466094256,0.467188048,0.505341,0.462759804,0,0.457930422,0,0,0,14.45,61.94,0,0,0,0,0,0,56.074,0.30932706,0
0,R01-145,0,0,0,0.89135124,0,492.05398,0,0.0795002,4.28263072834,2.80283966044,2.91275903102,5.9203365179,0,4.32795629408,0,0,0,680.773075,63.873968,0,0,0,0,0,0,1.6932478,0.874791275,0
0,R01-146,0,0,0,-2.0578947,0,33779.665,0,3.2944814,0.560662988,0.5627380496,0.5648037946,0.5440824276,0,0.5482131962,0,0,0,10.9527719,95.8824155,0,0,0,0,0,0,605.60633,0.16700741,0
